Id,MonthlyIncome
5355,0
27138,0
7933,1
28807,0
18079,1
29575,0
4848,1
25842,0
31450,1
33505,0
21791,0
33775,1
17768,0
3235,0
12384,0
33984,0
33844,1
2112,0
26555,0
23472,1
6238,1
13771,0
6189,0
18763,0
12960,0
6205,1
23673,0
23547,0
1764,0
6691,0
3057,0
3354,0
31393,0
3821,0
11656,0
11637,0
7276,0
3640,0
1292,0
34139,0
13095,0
2136,0
20097,0
30420,0
12757,0
12066,0
26236,0
16832,0
16306,0
7841,1
12239,0
27531,0
16843,0
24770,1
1732,0
14751,0
11073,0
26914,0
16788,0
4541,0
33680,0
9286,1
12142,0
18814,0
33755,0
4668,0
23003,0
27774,0
6109,0
22125,1
3726,1
24967,0
23108,0
25736,0
28143,0
7482,1
15768,0
14500,1
18013,0
7403,1
17964,0
7851,0
10952,0
12390,1
31756,0
17116,0
32219,0
9092,0
5039,0
21359,0
20925,0
21627,0
34114,0
13070,0
30005,0
15299,0
7829,0
20295,0
15412,0
31250,0
16587,1
3830,1
11728,0
20092,0
30870,0
26015,0
22788,0
9622,0
16727,0
30876,0
656,0
27200,0
31941,0
21911,0
7607,0
2120,0
5046,1
9082,0
12782,0
24543,0
20487,0
32045,1
34023,0
19720,0
18471,0
7029,0
32719,0
27205,0
2650,0
24444,0
26159,0
14921,0
14418,0
32149,0
20718,0
27602,0
6177,0
25301,0
15984,0
18937,0
21219,0
34030,0
5537,0
33149,0
6268,0
30034,0
3395,0
24599,1
6355,0
18133,0
29459,0
13091,1
32596,0
5287,0
7543,0
23628,0
23110,1
13144,0
4975,0
32487,0
30017,0
12974,0
22409,0
28417,0
31406,1
20253,0
8892,0
18423,0
29134,0
1338,0
7744,0
24201,0
5342,0
2009,0
20604,0
16596,0
242,0
29324,1
32568,0
1399,0
33466,0
23845,1
21907,0
19950,0
12089,0
6674,0
17378,0
29158,0
3788,0
1132,0
9684,0
21349,1
24694,0
31977,0
19701,0
23317,0
27443,1
31585,0
28597,1
19636,0
6984,0
18250,1
15605,1
11101,0
8529,0
22163,0
7843,0
5225,0
29622,0
12741,1
3357,0
13357,0
27245,0
25222,1
25791,0
12074,0
20429,0
15070,0
2636,0
31289,1
8232,0
9249,0
31401,0
29003,0
28572,0
15510,0
9104,0
8972,0
22534,0
12161,0
9556,0
6170,0
12120,0
4689,0
10907,0
32716,0
27005,1
1119,0
23390,1
30413,0
28912,0
31509,0
31715,0
1271,0
19807,0
12274,0
22803,1
2759,0
16764,0
31473,0
1497,0
370,0
5866,0
11126,0
17695,0
13890,0
23149,1
27256,0
31630,1
5219,0
13060,1
29281,1
33881,0
4220,0
24665,0
25157,0
6713,0
30262,0
28681,0
17382,1
26824,1
28671,0
22446,1
2361,1
33831,1
29532,0
32152,0
18009,0
30593,0
15492,0
19406,0
19121,0
11889,1
18357,0
2901,0
30140,0
26865,1
11366,0
10355,1
21600,0
23821,0
4745,0
12650,0
11316,0
22606,0
30425,0
24525,0
22904,0
10046,0
30475,0
31467,0
31268,0
23319,0
12909,0
4919,0
912,0
24670,1
33303,0
24073,0
1417,1
33586,0
26634,0
8038,0
17527,0
11616,0
26131,0
23366,0
4547,0
5689,0
20557,1
26055,0
29880,0
24598,0
4776,1
4860,0
27047,0
23202,0
13625,0
32978,0
2266,0
21544,1
19683,0
4373,0
20710,0
8697,1
24552,1
9359,0
11548,0
9474,0
1110,0
9213,0
18428,0
14810,0
252,0
10204,0
21357,0
5954,1
14837,0
21930,0
26463,0
7326,0
30732,0
3590,1
19842,0
23507,1
29713,1
5825,0
20265,0
22335,0
13959,0
21980,0
29051,0
27846,0
6995,0
12404,0
23952,0
12618,0
10060,0
1340,0
31564,1
33476,1
27720,1
28294,0
2508,0
17345,0
24318,0
8355,0
3446,1
28311,0
981,0
32293,0
6001,0
2858,1
15758,0
32639,0
9649,1
18974,0
13934,1
16827,0
21064,0
23217,0
29289,0
29031,0
30282,0
12591,0
11008,0
11071,0
16571,1
448,1
9768,0
10014,0
20778,0
26545,0
567,0
22268,0
2394,0
19430,0
32129,0
29803,0
32236,0
2562,0
9065,1
9518,1
10780,0
26816,0
14148,0
24450,0
1093,0
33232,0
13574,0
4451,0
30110,0
12378,0
18785,0
14669,0
13685,0
24330,0
10399,0
21011,0
13627,0
759,0
28558,0
9189,1
12600,0
8909,0
19315,0
10301,1
1521,0
27876,0
32745,0
31443,1
28676,0
7916,0
15651,1
27465,0
25748,1
14939,0
11236,0
20593,0
4823,0
29095,0
6374,0
5158,0
5202,0
29949,0
9481,0
7756,0
23431,0
15948,0
29801,0
27814,0
22675,0
23839,0
12724,0
32250,0
6798,0
32287,0
7304,0
3790,0
6456,0
16315,1
16695,0
15717,0
5346,1
5479,0
619,1
27555,1
15844,0
23268,0
20475,0
14360,0
22468,0
20070,1
28082,0
28630,0
31197,0
17118,0
21565,0
30874,0
6317,0
24211,0
14362,0
8195,1
33530,0
30853,0
32059,1
345,0
1576,0
17685,0
22100,0
20374,0
25906,0
21246,0
14534,0
24205,0
17712,1
31045,0
8185,0
31014,0
26505,0
27471,1
28465,0
31794,0
7340,0
4971,0
17019,0
31069,0
26526,0
1454,0
7108,0
2589,0
18925,0
960,0
4120,0
20083,0
23884,0
13480,0
22110,1
5712,1
16228,0
12990,0
24591,1
25752,1
25461,0
2848,0
6439,1
23691,0
32958,0
26380,1
26806,0
15918,1
16719,0
10236,0
17567,0
20032,0
31455,0
2241,0
20957,0
21386,0
14399,0
24808,0
26878,0
2175,0
30944,0
24774,0
24650,1
21125,1
4914,0
2343,1
31311,0
3786,0
16436,0
28638,0
7114,0
10502,0
22797,0
22751,0
1299,0
8616,0
28741,0
12728,0
4557,0
30102,0
25078,0
13535,0
3227,0
22381,1
26835,0
17613,1
7398,0
927,0
5184,0
19827,0
4347,1
17438,0
14138,0
31495,0
33419,0
19192,1
22787,0
13260,0
20360,1
8284,0
2679,0
5845,1
15320,1
12833,0
12730,1
11449,0
5988,1
12620,0
13482,0
30324,0
30824,1
27960,0
13151,0
5387,0
14929,0
20034,0
16432,0
1241,0
20114,1
29510,0
25936,0
27106,1
3220,0
18138,0
7566,0
3841,1
29773,0
16573,1
32425,0
18544,0
23769,0
22528,0
3387,0
17572,0
62,0
23004,1
27280,0
15146,0
8994,0
20994,0
25313,0
15293,0
3050,0
1046,0
10128,0
8297,0
3249,0
1514,0
32595,1
11794,0
1189,0
19149,0
19111,1
7516,0
5427,1
29250,0
20288,0
1960,1
8869,0
29767,0
30073,0
11998,0
22546,1
23944,0
11199,1
16595,0
19374,0
19445,0
21441,1
21649,0
21891,0
17866,0
18986,0
4833,0
32939,0
22137,0
11457,0
11795,1
30052,0
22368,0
5551,0
9399,0
22791,0
9335,0
15017,0
23593,0
8219,1
4157,0
33512,0
24061,0
3911,0
21356,0
26643,0
33564,0
31059,0
33990,0
28339,0
5019,1
4254,1
32576,0
12302,0
3190,0
13153,0
3848,0
25295,0
15548,1
20929,0
32804,0
12802,1
1739,0
19867,0
517,0
3663,0
30958,0
13932,1
10944,0
22240,0
26517,0
11893,0
16552,0
18919,1
14658,0
27147,0
26786,0
28503,0
1279,0
19075,0
22188,0
992,0
20189,0
31848,0
23461,0
28046,1
13805,1
10698,0
4182,0
15818,0
34087,0
33997,0
10093,0
3209,0
29792,1
32793,0
8325,0
18879,0
18359,0
24296,0
22714,0
22107,0
22723,1
29746,0
13376,0
953,0
28026,0
7440,0
8705,1
1789,1
23773,0
11083,0
28507,0
6149,0
32887,0
22263,1
12106,1
5305,0
16111,0
1378,0
19668,0
17939,0
21346,1
2533,0
20794,0
30546,0
12125,0
3203,1
24580,0
23464,0
27853,0
18479,0
2035,0
6157,1
18485,0
1808,0
4772,1
1816,1
12679,1
19673,1
16355,0
23340,0
18578,0
13039,0
27832,0
27577,0
34070,0
3048,0
28205,0
4309,0
2088,0
10854,0
23501,0
6721,0
33066,1
28756,0
20958,0
16818,0
828,0
20273,1
27107,0
12914,0
2270,0
1403,0
20049,0
20276,0
24927,0
19685,0
11615,0
29371,0
14907,0
23936,0
10476,0
26863,0
4238,1
10866,0
15189,1
33886,0
8787,0
267,0
30223,1
6848,0
16517,0
23258,0
26604,0
8356,0
4293,1
34171,0
32336,0
29631,0
26879,0
32689,0
844,0
2321,1
14659,0
791,0
14775,0
12035,0
16972,0
32292,1
19754,0
15527,0
27594,0
28035,0
10578,0
29753,1
13888,0
20200,1
5781,0
12515,0
1797,0
14434,0
21610,0
1591,0
14779,0
26403,0
16606,0
8136,0
25718,0
17179,0
27744,0
21285,0
8962,0
1396,1
15667,0
609,0
9352,0
4472,0
22924,0
1663,0
3939,0
26008,0
25131,0
30007,0
17037,0
14367,0
19093,1
17883,0
32851,0
16427,0
33819,1
1617,0
15839,1
22304,0
10366,0
24363,0
31966,0
21503,0
11291,0
33051,0
17127,0
71,1
10727,0
18076,0
17864,0
2030,0
28550,0
9898,0
31559,0
500,0
10407,0
19005,0
6528,0
9023,0
4158,1
19913,0
32621,0
31934,1
26637,0
12521,0
14336,0
3156,0
21909,0
15672,1
9004,1
9420,1
11628,0
21263,0
4236,0
10135,0
10167,0
34006,0
19065,0
10762,0
16503,1
14946,0
891,1
30561,0
19955,0
4878,1
31613,1
683,1
23481,0
34120,0
7023,0
26237,1
14849,1
2297,0
8373,0
19944,0
11328,1
21659,0
28223,0
28661,1
7555,1
29950,0
2542,0
19780,0
1531,0
15098,0
28009,0
14648,1
17524,0
3398,0
2727,1
22837,1
9129,0
13737,0
21880,1
16698,0
15237,1
5716,0
8901,0
15808,0
6936,0
21314,0
3620,0
20078,0
13741,0
26121,1
12991,1
18374,0
7192,1
5628,0
5478,0
26805,0
4690,1
32709,0
17352,0
9599,1
2951,0
24400,0
30168,0
2639,0
29864,0
4826,0
11154,0
31156,0
13438,0
19278,0
25698,0
20099,0
8389,0
8899,0
23205,0
21986,0
12291,0
1484,1
2002,0
26454,1
33285,1
22732,0
32710,0
4153,0
21885,0
27330,0
8404,0
6457,0
19751,0
1867,0
18949,0
29285,0
27159,0
4520,0
32053,0
16541,0
25589,0
11824,0
11765,0
12130,0
28272,0
34115,0
29200,0
16381,1
197,0
12844,0
25183,0
4331,0
26645,0
5035,0
5129,1
11052,0
15674,1
30537,0
28874,0
14238,0
19753,0
16114,0
14662,0
25161,0
776,0
1198,0
33893,0
2169,1
2880,0
22893,0
8249,0
17990,0
13660,0
18559,0
18534,0
22799,0
7802,0
11264,1
32813,0
12463,1
30901,0
28594,0
7981,1
14463,1
743,1
31898,1
28840,0
15002,1
9428,0
7415,0
2118,0
30654,0
12300,1
21023,0
25631,0
17987,0
19528,0
27478,0
18128,0
16249,0
4738,0
264,0
4983,1
15365,0
22757,0
17828,0
9215,0
29661,0
33762,0
4818,0
7725,0
23278,0
24259,0
1091,1
2446,0
574,0
33498,0
31190,0
14035,0
16852,0
23590,0
23271,0
19388,0
25016,0
12934,0
24824,0
4202,0
11964,1
18442,1
4708,1
31370,0
17245,0
18304,0
33679,0
28887,0
33208,0
25674,0
21325,0
20895,1
3629,0
17383,0
23252,0
20681,0
10784,0
1289,1
10934,1
17226,0
5870,0
9919,0
16131,0
30595,0
14171,0
16416,0
26372,0
14439,1
8275,0
18790,1
22903,0
16025,0
29683,0
8666,0
1669,0
19319,0
9754,1
28827,0
24636,1
12148,0
25615,0
16089,0
2237,0
27065,0
7923,0
29447,0
21566,0
25048,0
22975,1
792,1
19980,1
19829,0
21127,0
2684,0
27601,0
10423,0
18771,0
28785,0
11388,1
8279,1
21318,0
11286,0
22905,0
29213,1
21644,0
3862,0
21027,0
30572,0
24734,0
26857,0
4286,0
1386,0
22180,0
1427,0
10841,0
14914,0
18295,0
22878,1
1276,0
2955,0
32556,0
9882,0
28551,1
18586,0
19448,0
6595,0
897,0
18836,0
12059,0
30084,0
4476,1
33099,0
24793,0
10744,0
5069,0
1913,0
19329,0
26075,0
1079,0
13298,0
31734,1
9299,0
16799,0
7095,1
8376,0
14614,1
22156,0
13715,0
28469,0
29528,1
14774,0
2319,1
21846,0
15838,1
9871,1
23103,0
2953,0
8294,0
22820,0
3022,0
17636,1
3397,0
7581,0
4986,0
2347,0
18050,0
21012,0
31741,0
4991,1
4832,0
31272,0
29987,0
3947,0
8890,0
9845,0
14448,1
14303,0
34072,0
25298,0
13584,0
17548,0
19998,0
17610,1
13803,0
29498,0
22504,0
12680,0
8271,0
27708,0
2528,0
23181,0
11700,0
26125,0
32180,0
23046,0
6897,0
32947,0
13340,1
9648,0
21887,0
21437,0
6464,0
21168,0
18144,1
29244,0
7250,1
21440,0
7568,0
33942,0
16723,1
15934,0
21468,1
30046,1
11747,0
5212,0
17673,0
20666,0
28662,0
16955,0
24962,0
24924,0
4606,0
10494,0
2096,0
21556,0
3781,0
1398,0
26953,0
18329,0
9041,0
5815,1
2731,0
11712,0
14826,0
14603,0
2835,0
11828,1
16580,0
14332,0
6207,0
14231,1
13951,1
12587,1
18017,0
3116,0
5139,1
31429,0
28118,0
20805,0
7990,0
14959,1
2287,0
30881,0
29611,0
11592,0
24093,0
28390,0
15040,0
586,0
25990,0
33494,0
31355,0
15732,0
17700,0
8399,1
14935,0
33976,1
20826,1
1838,0
3350,0
1319,1
533,1
10709,1
1683,1
19076,1
30550,0
18247,0
13296,0
17368,0
2792,0
27746,1
28753,0
31655,0
8920,1
32247,0
15571,0
735,1
4161,0
26872,0
3819,1
18055,0
7179,0
27576,0
29249,0
6658,0
11312,0
28079,1
4406,0
28220,0
13364,1
32417,0
11861,0
24172,0
20150,0
22933,0
26488,0
24214,0
6269,0
29081,1
9775,1
2443,0
18402,0
27667,1
33691,0
5534,0
11324,0
24743,0
19153,0
10601,0
23541,0
31094,0
15323,1
8488,0
23551,0
331,0
22915,0
32031,0
17978,0
14776,0
1144,1
5707,0
33618,0
17124,0
21754,0
26191,0
28528,0
4885,0
33932,0
11294,0
31970,0
22126,0
15536,0
3317,0
6003,0
28060,0
26428,0
28067,0
19928,0
11744,0
14809,0
6597,1
5283,0
8388,1
8471,0
23595,1
6664,0
33425,0
15265,0
24292,0
19859,0
20552,1
18842,0
13955,0
31019,1
8341,1
15981,1
30137,1
22726,0
15061,0
18054,0
26392,0
29521,0
24145,0
22605,0
15437,0
10747,0
34152,1
17936,0
21916,0
30686,0
10807,0
13200,1
10629,0
17218,0
5426,0
23413,0
18125,0
6803,0
34007,0
31799,0
19551,1
24627,0
26127,0
20137,0
2232,0
21345,0
34047,0
12653,1
11266,0
29986,0
31050,0
30657,0
16630,1
29785,1
874,0
25508,0
16357,0
33229,0
20372,0
23404,0
25434,0
6966,1
2301,1
24142,0
29720,0
7175,0
32995,1
30624,0
6073,0
23693,0
26556,0
8152,0
23207,0
5082,1
15406,0
84,0
32542,0
22859,1
24966,1
14082,0
26570,0
9154,1
28988,0
9748,0
3243,0
24348,0
30943,0
3036,0
7977,0
28107,0
15238,0
463,1
25637,0
33835,0
2773,0
3877,0
29240,0
17955,0
30144,1
1332,1
23175,1
739,0
29529,0
30552,0
6139,0
27179,0
6869,0
20559,0
23358,0
9546,0
23006,0
16984,0
131,0
20240,1
22344,1
19387,1
23726,0
9810,0
13785,0
26336,0
4450,0
28249,0
30296,0
28219,0
19022,0
5461,0
22173,0
8460,0
29496,0
30228,0
7200,0
15826,0
1787,0
6040,1
4385,0
7595,0
25152,0
12492,0
27335,0
29228,0
25535,0
4757,0
10513,0
23275,0
26165,0
7252,0
15287,0
18373,1
15260,0
5349,1
27359,1
33848,0
26423,0
25206,0
13367,0
16975,0
26243,1
1282,1
4578,1
26452,0
11662,1
2857,0
18278,0
30618,0
23116,0
2278,0
29596,0
1244,0
12952,0
5680,0
20223,0
27484,0
14858,0
20472,1
11475,1
28966,1
26179,1
29499,1
3194,0
7347,0
7,0
11057,0
32383,0
16032,0
2950,0
11643,0
14325,0
9091,0
14208,0
1982,0
12660,0
6873,0
12385,0
27372,0
27637,0
10437,1
2214,0
4660,0
33720,0
28436,0
22927,0
27369,0
29088,0
18319,0
31398,0
21259,0
12595,0
4775,0
30867,1
33012,0
23648,0
20357,1
25456,0
5140,0
23925,0
30860,0
13170,0
8472,1
33361,0
30474,1
14269,0
4166,1
20271,1
16096,0
16250,1
16358,0
29770,1
11225,0
25262,0
27403,1
25781,1
25034,0
25590,0
31697,0
23320,0
19470,0
14184,0
1256,0
15282,0
381,1
13195,0
10045,0
1109,0
17315,0
32301,1
31308,0
33085,0
10773,0
29816,0
4122,0
22430,0
9086,0
15678,0
16971,1
5343,1
31321,0
10370,0
11217,0
14764,0
14593,0
2541,0
21917,0
13009,0
23450,0
17004,0
16707,0
2875,1
30454,0
4462,0
1424,0
25368,0
7760,0
28610,0
5187,0
31446,0
33643,0
29116,0
16737,0
4814,1
11912,0
16218,0
1442,0
29509,1
6825,1
31917,0
845,0
14481,0
4401,0
22321,0
23312,0
8342,0
21329,0
16823,0
32406,0
20774,0
14625,0
32692,0
20622,1
19385,0
6523,1
15165,1
30697,0
431,1
3733,0
7105,0
5981,0
12388,0
29096,1
8477,0
10649,0
16859,1
5526,0
14118,1
5837,0
25307,1
23449,0
10553,0
25754,1
15426,1
16065,0
29918,0
21528,0
6015,0
27368,0
5882,0
32936,1
25463,0
17679,0
11680,0
18246,1
9533,0
6726,0
15105,0
7476,0
5222,0
32332,1
7267,0
33320,0
20766,0
27042,0
18536,1
6804,0
16070,0
7531,0
29598,0
18883,0
5156,0
28157,0
1333,0
28320,0
28809,0
32507,1
12069,0
13155,0
76,0
313,0
27703,0
16884,0
14970,0
20849,1
30042,0
9808,1
7899,0
11604,0
23640,0
14673,0
19947,0
1704,0
28158,0
4210,0
28576,0
12860,0
17812,1
20737,0
30333,0
11853,0
23599,0
31040,1
10785,1
5220,0
22377,0
2311,0
1595,0
13593,0
1792,1
31831,0
28414,0
1802,0
18456,0
8427,0
29777,0
26279,0
1589,0
8841,0
32860,0
29935,0
30069,0
24950,1
15111,1
16868,0
24606,0
29745,0
23499,0
8518,0
26074,0
25100,0
10374,0
30607,0
33015,0
1034,0
24370,0
30596,0
18181,0
19967,0
1248,0
9562,1
6836,0
26381,0
29002,0
27808,0
33602,0
1699,1
10528,0
20459,1
3068,0
24981,0
33302,0
31304,1
6423,0
9407,0
16845,1
17740,0
25277,0
30083,0
15767,1
2072,0
25546,0
19139,0
20291,1
27235,0
10010,1
6647,0
30716,0
30810,0
13173,0
16052,0
14193,0
32256,0
31028,0
26703,1
12916,0
1517,0
7500,0
30850,0
12424,1
6135,0
8359,0
2555,0
9779,0
6822,0
3231,1
6083,0
4171,0
31608,0
18095,0
10657,0
1711,0
13875,0
9572,0
21131,0
33718,0
29016,1
10496,0
11118,1
26416,0
30239,0
20006,0
6254,1
3001,0
97,1
15531,1
29113,0
18599,1
12706,0
822,1
10891,0
120,0
17406,1
20017,0
7498,0
8467,0
6940,0
23734,0
32375,1
14804,1
19351,0
18124,0
12310,1
11033,0
6905,0
6737,0
7423,0
19618,1
3287,0
21863,0
4456,0
20098,0
17079,0
29234,0
10924,0
34109,0
8970,0
28134,0
1556,0
30182,0
1830,0
11270,1
274,1
10748,1
29327,0
13313,0
28317,0
7890,1
16338,0
20085,0
31978,0
5648,0
10230,0
8088,1
12750,0
19607,0
21974,1
7452,0
29640,0
27916,0
16069,0
3114,0
32535,0
5785,0
25815,0
33036,0
6129,0
13525,0
12168,1
14262,0
18535,0
26265,0
33666,0
2930,0
24872,0
378,0
19062,0
18797,0
10659,0
12794,0
26365,0
33792,0
14590,0
14624,0
28087,0
5771,0
5486,0
18927,0
34168,0
30318,1
16614,0
14711,0
13950,0
16046,0
32033,1
12569,0
20087,0
21277,0
16686,0
26880,1
14626,0
1890,0
26543,1
15096,0
20376,0
25188,0
27715,0
15745,0
3654,1
28066,0
23010,0
27690,0
1931,0
27995,0
29120,0
14241,0
3029,0
28819,0
26102,0
25119,1
13596,0
3581,0
15309,0
20821,0
13936,0
28376,0
867,0
30178,0
31200,0
16700,0
1449,0
24058,0
29963,0
33544,0
17971,0
4107,1
11995,0
9190,0
7561,0
32163,1
4640,0
6922,0
201,0
27073,1
217,0
7758,0
7776,0
15491,0
12676,0
1889,0
26616,0
30599,0
19381,0
21003,0
21380,0
20163,0
12452,1
23393,1
21822,0
27306,0
1661,0
15987,1
20931,0
15543,0
7104,0
17689,0
28241,1
4342,1
20452,1
16583,1
12855,0
33362,0
21542,0
21617,0
7722,0
12863,0
409,0
23121,1
27802,0
7479,0
6180,1
33767,1
30707,0
4144,0
15109,0
32305,0
9163,0
19870,0
28882,0
22355,0
5465,0
8142,0
14066,0
18327,0
1872,0
4221,0
11390,0
25314,0
28980,0
22217,1
27630,0
9842,0
30728,1
27913,0
15003,0
28794,1
13352,1
1600,0
18198,0
22735,0
31857,0
30664,1
19566,0
21307,0
24521,1
7701,0
23556,0
21157,0
16854,0
20498,0
20008,0
2859,0
25169,0
1724,0
24132,1
25385,0
33937,1
22244,1
29853,0
33449,0
10644,0
26085,0
6893,0
33022,0
29878,0
10815,0
31656,0
19785,1
27945,0
7285,0
14157,0
18445,1
22655,0
2593,0
11289,0
32994,0
14265,0
20519,0
21964,0
6049,1
19127,1
5153,1
4901,1
13915,0
8319,0
15923,1
24438,0
3059,1
18252,0
26776,1
32070,1
32211,0
31484,0
24175,0
29208,1
14001,0
30118,0
19085,0
22790,0
25770,0
30240,0
3273,0
22393,0
19796,1
4306,1
11130,0
6886,1
31414,0
21488,1
17562,0
26489,1
33931,0
19071,1
30066,0
24836,0
4813,0
30680,1
20148,0
19814,1
21500,0
28335,0
8238,1
24008,1
2976,1
9560,0
18516,1
27886,0
3123,0
33045,0
23905,0
3987,1
29217,1
11551,0
17076,0
29433,1
9061,0
26960,0
25803,1
13832,0
13720,0
31373,0
25979,0
7828,0
30989,0
12348,0
7485,1
3807,0
9535,1
32781,1
1283,0
33627,0
21135,0
11896,0
27328,0
33859,0
11029,1
5383,0
30162,1
6253,1
24712,0
626,0
32465,0
22966,1
7769,0
22459,0
5755,0
19598,0
23948,0
2276,0
22681,0
5468,1
19148,0
22495,0
2305,0
26037,1
15144,0
18184,0
8571,0
31483,0
12491,0
23911,0
15284,0
4411,0
25032,0
19961,0
7278,0
27513,0
26066,0
30281,0
10501,0
22689,0
31408,0
26580,0
6779,0
17538,1
6915,0
31858,0
32846,0
2465,0
9297,0
24294,1
6485,0
1457,0
1347,0
12846,0
275,0
1164,0
26086,0
3641,0
16753,1
33236,0
22092,0
28462,0
2384,0
14316,0
10995,0
2345,0
32588,0
11260,0
18097,0
7418,0
17680,0
27412,0
2970,0
12260,0
19927,0
31214,0
14833,0
17560,1
30571,0
5227,0
27089,1
5328,0
15822,0
26926,0
14214,0
12427,1
24741,0
16468,0
3120,0
25911,0
1397,0
26197,1
12556,0
5125,0
29651,1
22280,0
24758,0
5844,0
18347,0
20682,0
6761,0
13400,0
16223,0
2747,1
28547,0
4773,0
5554,0
2300,0
12634,0
17136,0
7176,0
5145,1
16203,0
13638,0
3288,0
1685,0
22128,0
20349,0
21630,0
20052,1
22879,0
1228,0
24541,0
773,0
25430,0
32828,1
29073,0
14635,0
27738,0
32990,0
12629,0
15985,0
2975,0
17170,0
6944,0
11991,0
1180,0
7242,0
12036,0
12340,0
34076,0
32399,0
3439,0
32222,1
21341,0
4990,0
26385,1
7025,1
4637,1
24272,0
3674,1
15100,0
13271,0
27632,0
5778,1
9253,0
8979,0
22551,0
27904,1
25582,1
12229,0
21962,0
14095,0
29165,0
18398,0
13677,0
21490,0
25858,0
22965,0
11058,0
8022,0
20396,1
29663,1
26811,0
29904,0
12188,0
20138,0
218,0
24667,0
19682,0
24593,0
24432,0
27294,0
26304,0
17319,1
29597,0
5861,0
4639,0
29654,0
23772,0
6335,1
17600,0
26966,0
19722,0
8613,0
33056,0
17984,0
26837,0
27575,0
8015,0
33719,0
21671,0
30827,1
7110,0
2961,0
17927,0
13189,0
29328,1
12811,0
22285,0
4731,1
23861,0
14601,1
6880,0
33917,0
14588,0
14478,0
21147,0
3505,0
20877,0
30769,0
26832,0
20135,0
27002,0
16923,1
346,0
29686,0
6443,0
29490,0
17039,0
6435,0
4706,0
12147,0
13619,0
17656,0
28059,0
24457,0
19589,0
5333,0
12627,0
32672,1
7559,0
33600,0
32622,1
15059,0
2755,1
16191,1
29028,0
14871,0
24470,0
19835,0
18944,0
10691,1
3456,0
24868,0
21465,0
7601,0
3283,1
22021,0
9927,0
11336,0
30628,0
9452,1
6294,0
14000,0
30373,0
19462,0
30327,1
4141,0
3579,0
22253,0
27180,0
832,1
26493,1
12349,0
15956,0
26440,0
12726,0
8073,0
16462,0
13207,1
10031,0
27970,0
23118,0
19212,1
27687,0
22993,0
21492,1
24972,0
5750,1
20364,0
18307,0
23455,0
14340,1
12953,0
15713,0
32550,0
32815,0
27503,1
8481,0
24624,1
757,0
5961,0
389,1
32900,0
3708,0
33567,0
17652,1
6225,0
9812,1
15376,0
13794,0
28957,0
25775,1
23125,0
13001,0
24099,0
15801,0
31921,1
32841,0
16752,0
3106,0
24592,0
27095,0
26992,0
4590,0
28919,0
27957,0
21697,0
32251,0
47,0
6503,0
25577,0
17999,0
18500,0
25063,0
31371,0
12341,0
14908,0
1035,0
28419,0
26126,0
8893,0
12905,0
13240,0
1066,0
12347,0
20819,0
31372,0
223,0
1304,1
11929,0
6050,1
33981,0
7470,0
13686,0
23032,0
21874,0
16779,0
7389,0
28998,0
2130,0
19043,1
14631,0
2933,1
27445,1
11471,0
24200,0
21705,0
5428,0
12117,0
9738,1
23246,0
8133,0
15342,0
25619,0
726,0
26732,0
31412,0
20245,0
18822,0
12494,1
22316,1
6577,1
2831,0
26619,0
14876,1
17391,0
13212,0
22760,0
627,0
14404,0
10994,0
2732,1
32049,0
3704,0
2141,0
24899,0
31320,0
16412,0
2904,0
12379,0
13963,0
19225,1
32704,0
5318,0
13819,0
9414,0
30800,0
30980,0
4985,0
7428,1
7546,0
20743,0
21729,0
7268,0
33256,0
9408,0
31046,0
3185,0
30656,0
16498,0
7145,0
2309,1
24900,0
8283,0
8322,0
13498,1
11115,1
13322,0
6586,0
31343,0
21070,0
17711,0
31326,0
30950,0
29697,0
30764,0
21368,0
15068,0
33979,0
20650,0
25621,0
17554,1
12608,1
19389,0
19606,0
22503,0
19249,0
15743,0
17517,0
19536,1
29439,0
12051,0
33809,0
13206,0
33239,1
2648,0
3054,0
23444,0
22511,0
24690,0
27454,0
5788,0
30998,0
31924,0
34027,0
6112,0
8514,0
4811,0
4200,0
9431,0
27968,0
17982,0
34155,0
8629,0
29923,1
26189,0
6709,0
9633,0
5,1
20031,0
11716,0
10766,0
25506,0
26249,0
32625,1
814,0
26821,0
4253,0
24077,0
1150,0
32642,0
3442,0
29972,0
26695,0
3930,0
31331,0
1488,0
31663,0
16093,1
5747,1
23576,0
25044,1
9363,0
24724,0
18655,0
33866,0
31993,0
33483,1
14469,1
16554,0
30887,1
13022,0
12067,0
4904,0
28292,0
6249,1
29873,0
16267,0
14595,0
8953,0
32376,0
21795,0
25438,0
20231,1
5872,1
24002,1
9052,1
16170,1
3929,0
21927,1
7475,0
20036,0
6195,0
29365,0
7654,0
21367,0
29564,0
15041,0
28380,0
21271,0
21618,1
20855,0
4059,0
21860,0
15529,0
5391,0
8903,0
12426,1
3736,0
439,1
18092,0
17138,1
249,0
7603,0
34128,0
7579,0
1024,1
17478,0
33008,0
11479,0
22646,1
27951,0
16796,0
12536,1
24759,1
2959,0
23247,0
8654,0
3917,1
24442,0
13992,1
29652,0
11936,0
19333,0
5415,0
12327,0
23338,0
458,0
18336,0
31248,0
8526,1
17532,0
21447,0
20995,0
9101,1
32351,0
24970,0
16303,0
2493,0
11819,0
11100,0
24997,0
9503,0
11846,0
9367,0
3039,0
1737,1
32837,0
21174,0
28787,1
9688,0
29163,0
19600,0
27798,0
1413,1
9166,0
29455,1
14466,0
30804,0
30193,0
30065,0
13261,0
2500,0
31237,0
7781,0
22643,0
4470,0
10884,0
32663,1
30666,0
26665,0
25760,0
33969,0
29409,1
29606,0
33591,1
32325,0
26977,0
29821,0
26622,1
14706,0
32913,0
23081,0
506,0
4048,0
32653,0
3503,1
18320,0
6068,0
18360,0
12619,0
25412,0
26809,1
5641,0
21014,1
10498,0
9300,1
26688,1
22266,0
25594,1
26409,0
19045,0
30440,0
29251,0
9574,0
7232,1
3358,1
15827,0
28748,0
23874,0
33125,0
9321,0
33462,0
11489,0
25012,1
12897,0
2765,1
16190,0
8766,0
16264,0
6926,1
28021,0
16584,0
7331,0
16048,0
10315,0
16005,0
1348,0
22317,0
7672,1
30516,0
30457,0
26529,0
17852,0
32117,0
31341,1
23195,0
14932,0
14910,0
24462,0
31979,0
8384,0
25283,1
19336,0
9900,0
28905,0
1995,0
32034,1
11650,0
3508,0
33774,0
492,0
4851,0
31485,0
21969,0
13910,0
23242,0
29452,1
1140,0
9510,0
5326,0
25628,0
26345,0
13633,0
30653,0
26598,0
8486,0
24169,0
14866,0
1483,1
24463,1
7412,0
11719,0
27948,1
32989,0
17182,1
20861,1
21929,0
31396,0
10398,1
32141,1
23849,0
22401,0
10181,0
14771,0
27711,0
33104,0
980,0
21048,0
6367,0
31560,0
32912,0
30452,0
8323,0
32245,0
3923,0
7653,0
763,0
7396,0
8095,0
17743,0
14224,0
2981,0
19339,0
19145,1
424,0
19439,0
2572,0
27312,0
8506,0
29810,1
11743,0
31033,0
5674,1
2974,0
15242,1
2944,1
25867,1
23533,0
3379,0
13470,0
23663,1
30410,1
22810,0
28215,0
24114,0
4033,0
6632,0
18003,0
15206,0
13034,0
31792,0
7793,0
29916,1
27249,0
30817,0
5585,0
28421,0
1443,0
11230,0
15171,0
29608,1
27021,0
12805,0
29423,0
24223,1
5887,0
14650,0
29474,0
279,0
22274,0
682,0
20071,0
2768,0
33717,0
14504,0
5071,0
10647,0
22247,0
15719,0
30464,0
14674,0
8732,1
12755,1
14379,0
28567,0
13358,0
25997,0
15072,0
28128,1
20880,0
2745,0
23585,0
14612,1
22127,0
19166,0
28727,0
8648,0
18478,0
19909,0
6522,0
18335,1
9133,0
10481,0
20721,0
30039,0
10440,0
33908,0
32907,0
26258,0
10925,0
20430,0
25532,1
27651,0
27060,1
4739,0
13425,0
16294,0
22775,0
11943,0
19572,0
10677,0
29744,0
13903,0
30243,1
30392,0
24866,0
22238,0
5456,1
21430,0
12981,1
18994,0
11842,0
2506,0
397,1
8826,0
33547,0
24017,1
9238,0
13792,0
3003,1
18667,0
14223,0
14525,0
11579,1
13505,0
12969,0
25733,0
2332,0
3593,0
5842,0
17113,0
7050,0
30104,1
32499,1
13442,1
25326,0
20020,0
21749,1
31568,1
14277,1
5577,0
32315,0
29424,0
4458,0
2154,0
16797,0
33310,0
19982,0
305,1
2886,0
14364,0
9976,1
19181,1
26266,0
14703,0
21140,0
30714,0
4521,0
30922,0
30075,0
20363,0
7210,0
6235,0
32191,0
17585,1
5504,0
27023,1
25797,0
27898,0
10155,1
1214,1
7439,0
211,0
5611,0
12140,0
25306,0
24368,0
19350,0
18464,0
25705,0
30160,0
21124,0
15784,0
32398,0
21228,0
12292,0
18207,0
14943,0
10455,0
22035,1
7554,0
13227,0
15295,0
2477,0
29599,0
3799,1
22721,0
22869,0
1061,0
7902,0
15986,0
28398,0
16115,0
8479,0
25190,0
32364,0
32638,0
12112,1
8651,0
25112,1
20466,0
21258,1
22194,0
26496,1
10461,0
26194,0
6952,1
25534,1
16848,0
31149,0
31561,0
28461,0
3383,0
26784,0
21850,0
4431,0
20356,0
4062,1
1641,0
9899,0
5854,1
33892,0
6935,0
10613,0
17069,0
16360,0
14565,0
4030,0
21966,0
22352,0
28894,0
25920,0
25693,0
20688,0
26681,0
12105,1
30809,0
6312,0
20565,0
5839,1
20966,1
7295,0
28615,0
27815,0
14668,0
15587,0
12892,1
15432,0
14207,0
32086,0
25608,0
22052,0
22594,0
33301,1
18865,1
9334,0
6150,0
625,1
33386,0
17188,0
5605,1
31389,1
11310,1
22472,0
3109,0
16804,0
3836,0
4868,0
12984,0
10147,0
19469,1
6552,0
5562,0
8194,1
32106,0
16729,0
2407,0
10575,0
6113,0
6743,1
26035,0
28307,0
9972,0
30494,0
15397,1
24446,0
6957,0
3777,0
25585,0
32189,0
23530,0
28869,0
33136,0
27416,0
8980,0
5677,0
19368,0
33327,0
21735,0
24979,1
12362,0
6401,0
32868,0
140,0
14356,0
9839,0
25896,1
31093,0
12933,1
21968,0
31034,0
31300,1
12638,0
5347,0
93,0
9072,0
10521,0
12094,0
18729,0
17980,1
12712,0
32413,1
31194,0
23071,1
8519,0
24856,1
32547,0
5032,0
21559,0
21529,0
24022,0
25431,0
8569,0
15565,0
22759,0
23806,0
100,1
5568,0
17621,0
31062,0
12655,0
32343,0
1632,1
26061,0
25959,0
30072,0
18283,0
13316,0
20587,0
13065,0
5876,1
10507,0
7081,0
6393,0
14046,0
32067,0
5344,0
15110,0
2868,0
16298,1
13723,0
29719,0
31255,0
2279,0
2708,0
20700,0
25630,1
10008,0
33267,1
27317,0
16961,1
9930,0
19416,0
26175,1
3161,0
9998,1
15892,0
5987,1
27763,0
32254,0
22776,0
14382,0
9677,0
12080,0
7256,0
3661,0
22985,0
22570,0
27265,1
19894,0
23883,1
7748,0
18255,0
19080,0
31330,0
7846,0
12287,0
11538,0
31707,0
31009,1
22279,0
14322,0
29826,0
11808,0
5173,0
22051,0
1281,0
3875,0
13634,1
1636,1
1227,0
28327,0
7683,0
18389,1
16861,0
13816,0
10556,1
929,0
15427,0
8726,0
466,0
14661,1
9478,0
23199,1
13416,0
7823,0
3221,1
27824,0
13615,0
27228,0
14566,0
3449,0
25669,0
7666,0
31661,0
14988,0
2196,0
12913,0
15268,0
19520,1
32356,1
25655,0
12311,0
13045,0
18489,0
29626,1
13721,0
20963,0
650,0
5916,0
18418,1
23881,1
24548,1
13745,0
22556,0
31493,0
24420,0
31465,0
28044,0
1537,1
6536,1
32076,0
32824,0
24844,0
25874,0
4446,0
6425,0
9921,1
937,0
28951,0
11545,1
21807,0
5668,1
28222,0
31519,0
1044,1
17512,0
9302,0
11509,0
23470,0
32942,0
13049,0
26825,0
2894,1
31885,1
27116,1
19571,0
244,0
25758,1
13531,1
24308,1
15084,0
23614,1
25954,0
28364,1
18806,1
12737,1
20303,0
33071,0
12377,0
28870,0
26940,1
24229,0
18704,0
19641,0
20433,1
28076,0
34117,0
14314,0
27093,0
11150,0
22973,0
12134,0
3511,0
13767,0
28432,0
32477,1
5041,0
28304,0
13639,0
5743,0
7577,0
22584,0
10430,0
4121,0
10928,0
15542,0
33556,1
6342,0
6057,0
13215,0
10386,1
32623,1
17614,0
2450,0
23353,0
28989,0
10466,0
17918,0
429,0
7886,1
31702,0
14455,0
7629,1
8414,0
33331,1
3428,0
33686,0
11506,0
24007,0
11880,0
1407,0
28872,1
9011,0
26808,0
3900,0
18833,0
14446,1
14539,1
24486,0
26047,0
13023,0
9124,0
29794,0
13532,0
31618,0
18364,1
17244,0
10276,1
20513,0
12901,0
14129,0
2537,1
17627,1
7262,0
16811,0
27741,0
5602,0
32443,0
8538,0
15885,0
20445,0
26709,0
30187,0
20858,1
3452,0
27399,0
15852,0
16215,0
6400,0
11748,0
19004,0
25602,0
15001,0
11001,0
22772,1
17419,0
18976,0
1428,0
27507,0
5389,1
29665,0
12006,1
2223,0
18422,0
24412,1
1123,0
12734,0
4422,0
20169,0
8967,0
734,1
18902,0
8590,0
15841,0
20496,0
10005,0
25116,0
15982,0
10321,1
4580,0
3509,0
28242,0
28587,0
1115,0
3698,0
25975,0
20553,0
26594,0
27353,0
14571,0
19806,0
16324,0
32778,0
14783,0
31905,0
14,0
28964,1
33616,0
14300,0
4230,0
8221,0
24219,0
28879,0
9490,0
15482,0
22071,1
18239,0
12557,1
23618,0
31039,0
15673,1
8358,1
25351,0
28441,0
9247,1
22183,1
1759,1
11015,1
30417,1
12352,0
32679,1
11181,0
8921,0
6827,0
27635,0
28403,0
16493,0
8305,0
24633,0
27929,0
28613,1
31892,0
5175,0
280,0
28893,0
9351,0
8762,0
29430,1
16506,0
730,1
4820,0
29557,0
31486,0
3107,0
6127,0
27959,0
14054,1
32441,1
28202,0
17967,0
12610,1
11283,0
15389,1
7921,0
24168,0
2376,0
27468,0
30725,0
3518,1
4405,0
6581,0
8915,0
14885,0
2519,0
13550,0
33854,0
5990,0
32696,0
15354,1
4635,0
2362,1
25788,0
6900,0
10024,0
21965,0
5374,0
11307,0
6287,0
12585,1
6613,0
23700,0
32899,0
24048,0
21299,0
1924,0
2202,0
21849,1
19505,0
25814,0
31684,1
9098,0
4376,0
19665,0
13600,0
30056,0
23008,0
4449,0
1656,0
33077,0
5161,0
32597,0
11177,0
14787,0
15215,0
22091,0
23362,0
28257,0
26792,0
12948,1
5289,0
2060,0
268,0
23539,1
21306,0
15751,1
27685,0
7349,0
24016,1
10369,1
1331,0
9536,0
32678,0
20266,0
11977,0
32773,0
27225,0
4085,0
4507,0
27022,1
24802,1
26352,0
10642,0
20780,0
25680,0
7610,0
25305,1
27875,0
29349,1
29348,0
33081,1
4916,0
26058,0
13469,0
27297,0
27479,0
5149,1
9170,0
32322,0
30095,1
18774,0
20335,0
32295,1
16230,0
12115,0
21220,0
18852,0
29587,0
33827,0
33898,0
22520,0
19417,0
16600,1
10960,0
6088,0
11807,1
33841,0
22699,1
10199,0
10264,0
11119,0
33594,0
997,0
15544,0
29418,0
8448,0
13618,0
21513,0
8981,0
33896,0
23374,0
20550,0
9620,0
26674,0
14495,0
10937,1
33018,1
5182,0
7572,0
28952,0
10454,0
26299,0
21221,0
1412,1
20657,0
8484,0
31267,0
16027,1
27268,0
4464,0
26678,0
6282,0
3691,0
18941,0
13682,0
851,0
23090,1
9961,0
12043,0
2209,0
32640,0
15759,0
24676,0
18700,1
4673,0
30608,1
13191,0
31032,0
17009,0
33020,0
30997,0
29614,0
29350,1
20199,0
2502,0
9843,0
22234,0
9846,1
16243,0
25823,0
6574,0
8825,0
15913,0
18560,0
3032,0
30312,0
2230,0
18217,0
6134,0
2389,1
8024,0
14245,0
21395,0
14942,0
24746,0
3835,0
30527,0
16291,1
8228,0
2869,0
22315,0
29206,0
5378,0
31875,0
12011,0
23082,0
5573,0
13229,0
32511,0
22957,1
7496,0
12995,1
17325,0
19539,1
4784,0
22094,0
737,0
3706,0
12442,0
9073,0
31535,0
5706,0
16519,0
18844,0
24873,0
6934,0
3705,0
8945,0
2405,0
25564,1
14150,0
32538,0
8517,0
22339,0
8541,1
23503,0
33025,0
21510,0
9634,0
1010,0
20054,0
23397,0
26181,0
33332,1
30806,0
32153,0
10232,0
30257,0
24325,0
27109,0
13366,0
8239,1
29344,1
24024,0
33926,0
24434,0
5385,0
5122,0
25372,0
15302,0
33924,0
28360,0
17868,0
9332,0
10918,0
3793,0
13006,0
12688,0
34001,0
11016,0
27843,0
20316,0
2565,0
12249,0
3155,0
15556,1
4680,0
28775,1
6651,0
360,0
22477,1
14754,1
5894,0
5437,0
33803,0
22346,0
30969,0
16793,0
3264,0
26320,0
30580,0
10874,0
15761,1
8867,0
27518,0
24660,0
23809,0
33634,0
21686,0
23690,0
25386,1
6731,1
16736,0
4752,0
10027,0
1329,0
5467,0
24557,0
14019,1
19112,0
22076,1
29702,0
3471,0
4795,0
5764,0
2856,0
23120,1
21694,0
20997,0
16551,0
16650,0
24232,0
29180,1
22666,0
3101,0
13905,0
12605,0
1611,0
30351,0
29033,0
2885,0
28978,0
18350,0
30279,0
24224,0
13115,0
3417,1
1511,0
13311,0
28359,0
5658,0
9160,0
19247,0
11360,1
30359,0
2603,0
15576,0
25862,0
15243,0
14803,0
9280,0
19294,1
14187,0
4340,0
28361,1
13414,0
13746,0
24988,1
3103,1
16642,0
25662,0
10987,0
13869,0
4203,1
12555,0
19411,0
28623,0
9621,0
32536,1
13578,0
17057,1
22620,1
20773,1
29175,0
11754,0
28810,0
26625,0
19069,1
20748,0
13650,0
10206,0
9694,1
14870,0
13315,0
20274,0
22762,0
21507,0
3069,0
6913,0
11920,0
964,0
5307,0
32500,0
30629,0
29246,0
20477,0
24,0
33126,0
14580,0
23950,0
26904,0
33959,1
1504,1
21661,0
32725,0
29883,0
25410,0
23126,0
16501,1
13996,1
4420,0
32924,0
14203,0
7673,0
31565,0
25978,0
19530,0
22233,0
11513,0
17476,0
19033,0
21683,0
26459,0
24378,0
22245,0
3834,0
579,0
28846,0
31804,0
28132,1
30030,0
2055,0
18107,0
21201,0
33721,0
6849,0
8575,0
24212,0
17985,0
26649,0
3906,0
33054,0
27191,0
24176,1
19824,0
820,1
12881,0
678,0
19464,1
20783,0
4281,0
22435,0
30755,0
12807,1
11292,0
11837,0
2617,0
33872,1
25660,1
5596,0
2585,0
26166,0
8505,0
2426,0
22328,0
6907,0
17847,0
26882,0
14085,0
30645,0
14427,0
15756,0
22329,0
7290,0
471,0
22812,0
25650,1
6815,0
15558,0
22391,0
2716,0
26172,0
13801,0
21158,1
1054,1
2919,1
15345,1
5217,0
2534,0
18,1
22567,1
6292,0
31678,1
10394,0
19425,0
7982,0
11228,1
27382,1
8371,0
8,0
15789,0
8501,0
5524,1
26382,0
25140,0
13053,0
24544,0
30699,1
17471,1
25197,0
10081,0
27816,0
24299,1
27090,0
2498,0
251,1
29235,0
33300,0
30974,0
18717,0
21796,0
15036,0
901,1
4394,0
1114,0
5686,1
22771,1
23107,0
34127,0
18886,1
4717,0
25638,0
7463,0
4881,1
6329,0
10388,0
3475,0
19025,0
1651,0
7582,0
23161,0
19764,0
25129,0
10810,0
5549,1
10343,0
12025,0
7832,0
25224,0
3290,0
18787,0
30099,0
32177,1
17426,0
13642,0
16732,0
5733,0
7881,0
7071,0
13610,0
4845,0
11898,0
10520,0
27366,0
6320,0
29346,1
24244,1
16724,0
6165,0
15787,0
33812,0
24923,0
26601,0
6272,0
5816,1
6927,1
3548,0
9988,0
21746,1
24732,0
25726,0
3127,0
31487,0
18637,0
2326,0
27305,1
14033,0
14411,0
17181,0
8935,0
2938,0
23646,0
32386,0
31747,1
10379,0
4535,0
8822,0
4098,0
23085,0
32365,0
9398,0
15362,0
7535,0
521,0
31126,0
16271,0
4094,0
19736,0
10633,0
6816,1
8241,0
1013,0
17684,0
5395,0
3580,1
20413,0
20965,1
6861,0
32470,0
23380,1
31001,0
25618,0
3070,0
7993,0
12572,0
23088,0
26176,0
26731,0
3470,0
11189,0
30412,0
34160,0
3707,0
20425,0
19993,0
11000,1
215,0
21475,0
28873,0
7746,0
11767,1
1665,0
2843,1
28074,0
11276,0
13374,1
33086,0
15182,1
14387,1
24238,0
23786,0
29830,0
9290,0
33508,1
29290,1
14794,0
11512,0
10576,0
22871,1
28061,1
12180,0
2458,0
5713,0
3133,0
23634,0
11784,0
23612,0
16638,0
27839,0
19418,1
20810,0
18514,0
16154,0
23106,0
4642,0
21771,0
24321,0
11419,0
30332,0
4741,0
12838,0
17615,1
30559,0
8352,0
18168,0
4344,0
16047,0
6389,0
30291,0
16435,0
3419,0
33378,0
25398,0
15757,0
12351,0
19428,1
27736,0
29347,0
14712,1
33234,0
33282,0
33393,0
18725,0
402,0
31889,0
10270,0
13283,0
27923,0
17022,0
20839,0
19228,1
31016,0
11244,0
16086,0
8311,0
18924,0
14778,0
8091,0
14977,0
10740,0
7488,0
19453,0
16983,0
29359,0
29037,0
7469,0
21811,0
9767,0
14205,1
17416,0
23343,0
622,1
12363,0
33749,0
16116,0
7801,0
13448,0
32346,0
7938,0
19654,0
1938,0
8443,0
22384,0
9539,0
20618,0
4305,0
5663,0
4348,0
16272,0
8050,0
8337,0
26414,0
8226,0
32959,0
30620,0
3015,1
3345,0
17293,0
35,0
6888,0
22072,0
24912,0
11138,0
23561,0
30053,0
2005,0
17796,0
30841,0
31872,0
3380,0
3965,0
32910,0
13652,0
9435,1
3924,0
4806,0
6483,0
8229,0
22202,0
9043,0
32135,0
29550,0
20212,0
4891,0
14769,0
30698,0
25905,0
29902,1
5515,0
8565,0
748,1
12827,1
26847,0
17650,0
17104,0
13347,1
8716,0
23876,0
1922,0
32751,1
27348,1
20798,1
13912,0
13906,0
10736,0
24253,0
15790,0
31340,0
9252,0
27181,0
28596,0
33143,0
9151,0
28632,0
3299,0
22649,1
12015,0
10510,1
11899,0
15071,0
26109,0
10825,0
18524,0
8816,1
31972,0
18720,0
19883,0
30094,0
20369,0
11035,0
9392,0
15611,0
10429,0
7580,0
23747,0
6351,1
30857,0
18795,0
10011,0
32686,0
21734,0
4190,0
4593,0
7556,0
4825,0
8046,0
25510,0
22153,1
27944,1
21856,1
23543,0
30453,1
13175,0
28316,0
12482,0
1716,0
30416,0
23392,0
20407,0
9890,0
25332,1
19595,0
18240,0
26130,0
3269,1
13333,0
6333,0
26559,0
6868,0
3198,0
796,0
24074,1
2158,0
4228,0
28963,0
15193,0
32389,0
26065,0
17638,0
30074,0
1108,0
33299,1
972,1
12478,0
30197,0
16876,0
20443,1
31035,0
2092,0
13506,1
31623,0
18503,1
32190,0
10942,0
27539,0
14496,0
17586,0
21898,1
17708,0
18311,0
19823,0
24585,1
32184,0
18639,0
5146,0
11505,0
17937,0
1969,1
10312,0
6634,0
3126,0
32614,0
17737,0
16339,0
21467,0
16216,0
14846,0
20406,0
3316,1
30142,0
27379,0
21689,0
9094,0
3844,0
3180,0
18961,0
4102,0
18916,0
8318,0
4933,0
7752,0
14359,1
17278,0
22034,0
19003,0
2277,0
30783,0
15499,0
15025,0
8172,0
13562,1
3902,0
8181,0
18984,0
3319,0
16696,1
9737,0
1134,0
24185,0
33885,0
1434,0
6789,1
21825,1
9301,0
26745,1
14108,1
11314,0
2142,0
19633,0
17081,0
6246,1
17395,0
33536,0
12896,0
18137,0
18761,0
3384,0
29981,0
33212,0
14763,0
17504,0
2436,0
24537,0
33625,0
31497,0
7987,1
21454,0
12540,0
539,0
26297,0
20714,1
27981,0
25132,1
17251,0
19317,1
21161,0
6978,0
16189,0
32774,0
12419,0
9150,0
21000,0
32182,0
18862,0
32803,0
30169,0
11132,0
25051,0
30529,0
7840,1
19222,1
1599,0
10728,0
33016,0
22808,0
25025,1
12523,0
32102,0
2133,0
14618,0
27629,0
33467,0
9682,0
3931,0
1896,0
22132,1
1809,0
9940,0
32891,0
4846,0
15410,0
30003,0
13109,0
31256,0
10868,0
25195,0
2267,0
20290,0
32589,0
27754,0
20684,0
1891,0
9537,0
30165,0
12754,0
11800,0
31427,0
14308,0
18518,0
33241,0
17342,0
11248,0
580,0
20400,0
17874,0
11032,0
26939,0
17284,0
33732,1
4956,1
34106,1
24713,0
4336,0
9585,0
13826,1
20405,1
32029,0
3526,0
2391,0
20073,0
32397,0
4255,0
8597,0
19991,0
15371,0
13459,0
20525,0
28588,0
9195,0
10076,0
15081,0
16304,0
22131,1
24388,0
706,0
13121,0
13833,0
26138,0
4217,0
25240,1
21562,0
24164,0
6356,0
4242,1
22307,0
28154,0
7999,0
29450,0
16783,0
33864,0
4529,0
1973,0
18114,1
30758,0
28907,1
26323,1
16919,1
13982,1
25401,0
21642,0
1720,0
25588,0
29783,0
3247,0
29441,0
19650,0
10902,0
33213,0
28447,0
8207,1
18526,0
2799,0
18567,1
2623,0
22262,0
13812,1
26775,0
33532,0
10936,0
881,0
29375,0
20091,0
4169,0
32157,0
2711,0
1247,0
665,1
21632,0
17203,0
15979,0
26548,1
23970,0
2806,0
30745,0
30337,0
24033,0
6770,0
13553,0
25080,0
29717,0
25563,1
23760,0
23171,0
1476,0
31346,0
24387,0
7365,0
375,0
3644,0
26641,0
21188,0
25907,0
14161,1
33822,0
14384,0
9713,1
645,0
26968,0
9445,0
32281,0
26025,0
29999,0
7526,1
33933,0
31607,0
17162,0
25811,1
33786,0
32021,0
22414,0
31060,0
19525,1
15969,0
21485,0
3814,0
15594,0
33224,0
16292,0
32953,1
30443,1
174,1
23395,0
9243,0
1912,0
7578,0
9559,0
13688,0
9007,0
19750,0
11519,0
33709,1
25247,1
2406,1
23025,0
23856,0
31113,0
29381,0
31604,0
19873,0
30288,0
28878,0
16950,0
31262,0
28413,0
33400,0
13353,0
2948,1
11776,0
3097,0
7506,0
22564,1
2849,0
29154,0
4969,0
11897,0
14574,0
21868,0
8880,1
29516,0
5655,1
28514,0
29354,0
4247,0
29501,0
25026,0
19534,0
16920,1
30636,0
4201,0
32243,0
29736,1
2877,0
32382,1
16640,0
3014,0
29361,1
1993,0
14628,0
25027,0
19186,0
31736,1
7917,0
3758,1
26584,0
5221,0
2291,0
24632,0
28295,0
551,0
18939,0
19332,1
10183,0
21170,0
4893,0
30917,0
4763,0
9057,0
24822,1
33759,0
29390,0
2445,1
19845,1
9376,0
17191,0
33711,1
3403,0
22138,0
23327,0
19578,0
11226,0
8280,0
18380,0
16701,0
324,0
10803,0
30734,0
34140,1
27309,0
9593,0
6759,0
25337,0
30640,0
22322,0
33459,0
10544,0
15549,0
11894,0
26572,1
29603,0
13821,0
10169,0
16943,0
342,1
17821,0
25074,1
24021,0
20655,1
21251,0
21882,0
7564,1
32345,0
834,0
11694,0
6754,0
22645,0
33305,0
19047,0
21723,0
4111,0
1509,1
34086,0
11799,0
30171,0
5134,0
8475,0
9977,0
13755,0
32743,0
3399,1
6814,0
25045,0
3083,0
13253,0
7328,0
4081,0
33527,0
475,0
26448,1
1458,0
291,1
31356,0
17519,1
13484,0
7030,1
13193,1
5002,0
8097,0
20836,1
16073,0
10990,0
2143,0
9415,0
31591,0
30740,0
16308,0
24150,1
18683,1
14541,0
18424,0
18127,0
17597,0
15657,0
13125,0
15351,0
6247,0
22900,0
25961,0
22209,0
21712,0
34177,1
15383,0
2415,0
6259,1
2281,0
5115,1
8896,0
24926,0
24570,0
31361,0
5688,0
15821,1
31954,1
32886,0
24577,0
27716,0
28864,0
25109,0
27900,0
29192,0
12893,0
32150,0
10537,0
15444,0
8125,0
22469,0
20221,1
11451,0
11659,0
27063,0
9340,0
20500,0
13341,1
27031,1
24874,0
460,0
24948,0
7468,1
32925,0
3746,0
27458,0
27428,1
9576,0
4352,0
17390,0
5200,1
33428,1
8014,0
25515,0
18903,0
28956,0
12537,0
8868,0
9806,0
7410,0
24986,1
1139,0
16592,0
8478,0
27658,0
17823,0
19999,0
12354,0
12779,0
31597,0
5116,0
7668,0
13765,0
30480,0
14164,0
29859,0
27806,0
30432,0
5935,1
11678,0
23054,1
15643,0
22497,0
8417,0
9292,1
11947,1
7652,0
22257,0
29318,0
10492,0
30476,0
2539,1
14147,0
20615,0
14276,0
31973,0
2620,0
31310,0
18022,0
3388,0
33780,0
6871,0
31344,0
33372,0
29588,0
879,0
28511,0
151,0
24931,0
12010,0
23483,0
24216,1
18866,0
31649,0
5752,0
33851,0
17221,0
5118,0
10422,1
32558,0
27897,0
27640,1
19412,0
14887,0
6530,0
33688,0
5322,1
6690,1
27707,0
31809,0
29115,0
34188,0
19435,1
4674,0
31195,0
486,1
15159,0
9087,0
21722,0
19026,0
4297,0
34074,0
8171,0
14355,0
19975,0
15659,0
33095,0
7709,0
2468,0
3950,0
26799,0
14385,0
16133,0
31313,1
32521,0
5666,0
5226,0
19084,0
12968,1
9788,1
33815,0
29059,0
10444,0
14174,0
15770,1
9508,0
8847,0
9675,0
4345,1
6889,0
5473,1
13067,1
27108,0
1805,0
1845,0
18267,1
9273,0
17058,1
14576,0
4129,0
24392,1
9683,0
8671,0
24646,0
13152,0
11500,0
19550,0
398,0
9995,0
21871,0
31635,0
22305,0
10211,0
21431,1
22998,1
452,0
31543,1
33621,0
4473,0
30899,1
17533,0
9724,0
8102,0
32432,0
28982,0
749,0
7965,0
29225,0
488,0
25476,0
24720,0
23569,1
25929,0
7600,0
27283,0
10153,0
7517,0
23001,0
5136,0
20063,0
30863,0
928,0
18802,0
8189,0
31161,0
8162,0
32388,0
21265,0
22754,0
1905,0
3211,1
1191,1
7064,0
9126,1
6605,1
564,1
24823,0
17842,1
30788,1
26377,1
22248,1
31285,0
5338,1
16049,0
465,0
25455,0
12111,0
352,0
28760,1
8055,0
17362,0
4544,0
6727,0
25769,1
10595,0
25846,0
13659,0
8806,0
32931,0
8375,0
3476,0
31130,0
9182,1
24671,0
14724,0
26689,0
4973,1
28069,1
21274,0
27984,0
23926,0
29889,0
31797,0
2282,0
8282,0
16373,0
32492,0
4149,0
4852,0
1088,1
26954,0
3955,0
24929,1
33473,0
17432,0
11989,0
6325,1
25597,0
12658,0
21097,0
32916,0
29577,0
16431,1
11779,0
12519,0
5552,0
20634,0
3426,0
608,0
23731,1
11901,0
26883,0
10676,1
14808,0
16325,0
16263,1
19613,0
12472,0
22148,0
27502,0
32363,1
1677,0
18834,0
26849,0
26597,0
2790,0
2618,0
22958,0
3915,1
17502,1
31928,0
19852,1
16251,0
22559,1
31744,0
30776,0
12258,0
24538,0
7457,0
6866,0
27733,0
33147,0
20146,0
20862,0
10685,0
2042,0
14523,0
25059,1
25067,0
10300,0
28194,0
19410,0
22458,0
3051,0
26289,0
21720,0
507,0
854,0
24891,0
14113,0
10040,0
34031,0
18155,0
27615,0
6563,0
24319,1
25400,1
32284,1
28208,0
23603,0
10323,0
3753,0
15136,0
21061,0
8881,1
28981,1
19295,1
33689,0
177,0
13827,0
28967,0
20474,0
31075,0
21392,0
8086,0
31522,1
28736,0
29330,0
2634,0
23567,0
3711,0
13500,0
6152,1
31520,0
2373,1
12093,0
5763,0
26981,0
19652,0
7306,0
19645,1
16887,0
34116,0
10813,0
11661,0
10478,0
23974,0
30687,0
12970,0
2085,0
32647,0
18474,0
27449,1
31140,0
24777,0
19335,0
11528,0
33672,1
33653,0
8576,0
10371,1
12215,1
16004,1
19485,0
27566,0
5216,0
7307,0
7302,0
28266,0
21321,1
14710,0
15949,0
32666,1
24842,0
16774,0
32998,1
16994,0
29595,0
2324,0
6490,0
31381,1
2010,1
2195,1
9802,0
25966,0
24173,0
4503,0
6877,1
31181,0
24313,0
25773,0
27556,0
22720,1
1865,0
6837,0
15566,0
24440,1
5228,0
20041,0
28334,0
26871,0
10888,0
15120,0
22719,0
3995,1
10860,0
9643,0
7342,0
1216,0
30289,0
33983,0
12087,1
12358,1
10477,0
5223,0
32271,0
32108,0
5911,0
3595,0
33675,0
19832,1
9608,1
2899,0
23616,1
12651,0
14321,0
15602,0
7726,0
711,0
3699,0
27894,0
30530,0
19691,0
15417,1
28336,0
23630,0
33294,0
26113,0
7948,0
29804,0
27432,1
6482,0
18026,0
25104,1
19803,0
19408,0
30689,0
10338,0
15103,0
14852,0
33571,0
12395,0
34033,1
16038,0
25879,0
1451,0
18008,0
2719,0
3656,0
6396,0
8623,0
26921,0
21257,0
23192,0
12488,0
18666,0
16469,0
32192,0
33593,0
12224,0
19205,1
17475,0
27184,0
21376,0
1057,0
19866,0
9571,0
27033,0
2526,0
26263,0
12508,0
853,0
13254,0
18642,0
7489,0
20015,0
16142,1
26002,0
20077,1
7723,0
22232,1
29363,0
1389,1
11319,0
19515,0
20000,0
25596,0
34185,0
5930,0
8214,0
19760,0
22199,0
28382,0
9654,0
26222,0
22325,0
28795,0
32435,0
17053,0
27855,0
23748,0
30627,0
4409,0
22610,0
15944,0
2442,0
19694,0
5514,0
30877,0
28763,0
11636,0
13329,0
18601,0
17288,0
33430,0
16328,1
25983,1
6495,0
24757,1
29054,0
9740,1
33957,1
21861,0
4872,0
1048,0
16388,0
3363,0
29582,0
15615,0
33032,0
17968,0
21270,0
30310,0
12303,0
25429,1
20207,0
18918,0
22130,0
26856,0
14152,0
28330,0
13777,0
19902,1
22561,1
3028,0
10915,0
794,0
6281,0
24202,0
675,0
27954,1
3602,1
24674,0
22255,0
13731,0
2490,0
11495,0
17669,0
3078,0
2908,1
2820,0
16819,0
5380,0
31701,0
4106,0
1879,0
8286,0
10822,0
17211,0
5199,0
14741,1
1303,0
7294,0
4965,0
31215,0
1339,1
12431,0
31670,0
26656,0
11646,0
27174,1
15579,0
9186,0
8395,0
502,0
16838,0
21410,1
20704,0
30658,1
12054,1
28512,0
30644,1
29757,0
3922,0
20124,1
29057,0
26230,0
3474,0
11626,0
20411,1
31494,0
12561,0
7780,0
12789,0
12323,0
6663,0
1277,0
19819,1
13979,1
7205,0
26399,1
24611,0
1604,0
31700,0
9364,0
873,0
11501,0
7336,0
11552,0
8730,0
16603,0
31438,0
7251,0
5926,0
27937,0
12231,0
20716,1
29472,0
14976,0
11369,0
32909,0
32940,0
3932,1
4994,0
16895,0
30199,0
20315,1
17463,0
8815,0
13643,0
9234,0
7143,0
22979,0
10324,1
30040,0
11467,0
10113,0
12740,1
28811,0
31710,0
29888,0
18421,0
20153,0
12336,0
23672,1
18224,1
19686,0
12288,0
4963,0
8176,0
34,0
15393,0
13692,0
21211,0
13815,0
14812,0
5006,0
14116,0
19970,0
7956,0
31220,0
33374,0
9288,0
17220,0
7946,0
33183,0
15349,0
6120,0
13169,0
11558,1
6380,0
6831,0
7031,0
29664,0
3046,0
7681,0
29013,0
21776,0
30642,0
20439,1
27626,0
10039,0
30883,0
32234,0
32799,0
32754,0
6997,0
33243,0
29925,0
3064,0
23075,0
11249,0
29660,0
23857,0
22150,0
32960,0
6515,0
9000,0
21215,0
617,0
32063,0
11403,0
9296,0
23469,0
8224,0
7696,0
3024,0
30570,0
14788,0
25599,0
5095,0
30166,0
14459,0
31379,0
940,0
5253,0
8611,0
11297,0
8858,1
2586,0
18291,0
14799,0
27818,0
13089,0
34095,0
26053,0
27578,0
2253,0
24825,0
12695,0
34134,0
12571,0
3257,1
6680,0
32997,0
33910,0
22982,0
14740,0
777,1
481,0
7450,0
29252,1
13711,0
18129,0
30487,0
31549,0
2983,0
25624,0
12614,0
15401,0
22330,0
23360,0
4035,0
21339,0
22141,0
13923,0
15570,0
6378,1
19014,0
12100,0
25274,0
30031,0
30444,0
812,1
18248,0
15737,0
26576,0
25256,0
3589,0
11166,1
29041,1
29338,0
17470,0
1104,0
30815,0
1012,0
20834,0
7511,0
20456,0
10563,0
11429,0
21744,0
1025,0
24403,0
21740,0
30411,0
25196,0
19061,0
2013,0
10701,1
9854,0
14274,0
17945,1
10970,1
15519,0
3859,0
27540,1
1435,0
5864,0
20894,0
11030,0
28693,1
9442,0
18758,0
28664,0
11450,0
30502,1
32972,0
20808,1
17386,0
12114,0
1835,0
17012,0
25193,0
630,0
31859,0
33779,0
11922,1
18512,0
28374,0
27115,1
8758,0
17164,0
10280,1
21790,0
11431,0
23694,0
31732,0
28127,0
19229,1
10154,0
27144,0
23492,0
10812,0
8687,0
3510,1
17441,0
13541,0
24716,1
12710,0
5097,0
27163,0
12438,1
22839,0
23432,1
3411,0
25643,0
33610,1
20051,0
26607,0
19527,0
18942,0
12055,0
15728,0
25897,0
21842,1
15085,0
1291,1
33027,0
2689,0
3762,0
20999,0
11077,0
29815,0
30061,1
7697,0
18341,1
23124,1
22135,1
13372,1
31843,0
3695,0
16805,0
1662,0
10095,0
4187,0
2715,0
3639,0
21714,1
23459,0
4274,1
16502,0
18193,0
2993,0
8587,0
14637,1
24086,1
20893,0
30773,1
9153,0
25709,0
9304,0
3519,0
17976,0
6428,0
23375,1
18631,0
8058,0
20358,1
17820,0
33446,0
5955,0
15250,0
18361,0
4548,0
24760,0
24209,0
53,0
28806,0
7086,0
25671,0
11005,1
5884,1
11322,0
12023,0
3464,0
31076,0
26441,0
27545,0
33506,0
7376,0
9513,0
4982,0
23135,0
931,0
27275,0
7571,0
17778,0
7913,1
27854,0
24306,0
27810,0
14949,0
33277,0
2905,0
26943,0
20234,0
27402,0
19328,0
29420,0
16099,0
10526,0
8320,0
22178,1
28740,0
18091,1
21333,0
12038,0
15149,0
30461,0
13326,0
33013,0
31338,0
24551,0
24221,0
8780,0
12396,1
16037,0
14931,0
24780,0
33838,0
8410,0
14755,0
21080,1
17420,0
22728,0
29343,0
18090,0
33268,0
7113,1
12786,0
6082,0
6532,1
8926,0
22783,1
20508,0
20785,0
31463,0
26531,1
2215,1
14726,0
31150,0
9241,0
10912,0
30450,0
2358,0
1183,1
4992,0
3223,0
25579,0
20416,0
32867,0
20155,0
21514,0
32303,0
3266,0
27364,0
14122,0
10920,0
30343,0
6419,0
9424,0
19156,0
11848,0
24840,0
18211,0
13291,0
30434,0
27160,0
16842,0
27512,0
11374,0
19519,0
8971,0
4979,0
30391,1
31306,0
101,0
14153,0
8770,0
6420,1
5404,0
2208,0
19962,0
11380,0
28141,1
3441,1
3255,1
7651,0
19960,1
33641,0
24159,0
11389,0
32165,0
27269,0
25435,1
27642,0
12155,0
26525,0
25005,0
12164,0
19738,0
10330,0
23891,0
1004,0
5976,1
25591,0
15952,0
15795,0
19471,0
20884,1
32839,1
6188,0
5622,0
19082,0
19880,0
21066,0
20095,0
25135,1
12156,0
9732,0
17148,0
2677,0
21375,0
2071,0
17231,1
18780,0
6479,0
19987,0
31948,0
10927,0
18901,1
12382,1
14564,0
5196,0
7574,0
1564,0
790,0
26379,0
1166,1
18847,0
7525,0
15724,1
28133,0
33433,0
19843,0
19554,1
8289,1
14877,1
15960,0
19790,0
15895,0
2062,0
6747,0
8122,1
15685,0
11863,0
1965,0
11586,1
16986,0
27532,0
1967,0
13481,0
28696,0
281,0
29449,1
21065,0
1691,0
9729,0
29149,0
13726,0
4603,1
2044,0
19789,1
28639,0
17389,0
31350,0
30409,0
15027,0
12201,0
25288,0
13450,0
1,0
32957,0
880,0
3201,1
25251,0
5698,0
24582,1
28493,1
23882,1
31052,0
7626,1
17241,1
5007,0
4646,0
12830,0
12784,0
22579,0
1570,0
18876,0
8603,1
6621,0
19706,0
17365,0
14077,0
8911,0
16602,0
6949,0
26324,0
12507,0
9193,0
7224,0
5512,0
13166,1
1267,0
21762,0
14889,1
26560,0
32822,0
4460,0
5533,0
25592,0
6065,0
22081,0
16918,0
32880,0
14442,0
2228,0
9569,0
1963,0
24509,1
17604,0
21408,1
10480,1
21845,0
5445,0
22115,0
16809,0
23894,1
11913,0
19593,0
32829,0
26691,0
7754,0
122,0
26938,0
20625,0
26610,0
5237,0
16316,1
33175,0
4903,0
26449,1
16473,0
28719,0
6858,0
10789,0
28444,1
25421,0
14280,0
30504,0
23813,0
13015,0
27177,1
2399,0
3843,0
11147,0
7221,0
5505,0
20921,0
8724,0
10406,0
6676,0
14919,1
22427,0
16433,1
3586,0
20237,1
9641,0
30489,0
21862,0
27098,0
31105,0
31738,0
27337,0
24359,1
12375,0
335,0
16314,0
12034,0
29992,0
23709,0
22343,0
29843,0
15806,0
21116,1
26303,0
13594,0
13693,0
4895,0
10306,0
6833,0
5639,0
18869,0
13513,0
20628,0
5865,0
26948,0
13279,0
21491,0
33251,0
12102,1
18437,0
4514,0
4597,0
8635,0
1039,0
4207,0
6484,1
4756,0
19892,0
15269,1
21123,0
3563,0
17575,0
10139,0
21404,0
12628,0
18477,0
14544,0
11508,0
19133,0
14092,0
31391,0
21810,1
1184,0
26369,0
9656,1
27603,1
7421,0
21038,0
4737,1
19396,0
14284,1
658,1
12185,0
23669,0
32904,0
20713,0
19674,1
19888,0
1122,0
3460,0
994,0
22479,0
12017,1
944,1
29632,1
19356,0
3610,0
20762,0
16009,0
13406,0
10277,0
30278,0
5860,0
20680,1
28265,0
18132,0
27627,0
12314,0
8363,0
33549,1
24751,0
25956,0
33879,0
11769,0
25266,0
27094,0
22598,0
29887,0
906,1
17073,1
14015,0
18195,0
11809,0
11238,0
20993,0
14170,1
9686,0
15394,0
4414,1
25485,0
32905,0
26627,0
23064,0
32908,0
23379,0
27338,0
12987,0
3323,1
26530,0
27429,0
20842,0
4224,1
18501,0
28509,1
4626,0
22526,1
30762,0
33311,0
5036,1
8041,0
10950,0
19190,0
32226,0
10954,0
18633,0
5423,1
33524,1
10856,1
28460,0
27363,1
22349,0
1708,0
19958,1
10092,0
25830,0
4585,0
7213,0
30611,0
4029,0
13145,0
15213,0
7894,0
6864,1
26174,0
23382,0
6557,0
25154,0
31761,0
26012,0
30143,0
18894,0
19379,0
26192,0
24269,1
33590,0
24913,0
17173,1
312,0
24804,0
14585,0
13611,0
29224,0
18290,0
10557,0
7529,0
28040,0
18254,0
14059,0
5536,0
23688,0
7918,0
33097,0
33684,1
22447,0
3173,0
19510,0
26571,0
31131,0
28332,0
17129,0
28275,1
3770,0
23793,0
11611,0
33704,0
6043,0
23674,0
5980,0
7092,0
28910,0
7150,1
16792,0
12033,0
4707,1
5108,1
11239,0
18574,0
15572,0
19877,0
7925,0
20771,0
1466,0
14604,0
32334,1
30133,0
18407,0
28184,0
33768,0
8743,0
22800,0
2665,1
21090,0
12958,0
32986,0
29627,0
27344,0
24104,0
32985,1
9759,0
22278,0
4570,0
3827,0
2509,0
597,0
17763,0
33566,0
5497,0
17260,0
21047,0
8441,0
183,0
8553,0
23009,1
30397,0
16597,0
21420,0
18857,1
21180,1
9578,0
1372,0
33404,1
289,1
13251,0
10805,0
895,0
3493,0
29471,0
34144,0
11188,0
15176,0
4218,0
28038,1
6947,0
3849,0
29725,0
31286,0
7101,0
28915,0
27102,0
15363,0
25994,0
29960,1
6989,0
11277,0
5192,0
14882,0
21378,0
10043,0
16659,0
31718,0
19028,0
10508,0
21416,1
30704,1
21596,1
14817,0
30468,0
31386,0
21935,1
703,0
24011,0
32606,0
16326,0
344,1
20118,0
34111,0
32393,0
4071,0
4150,0
913,1
7617,0
7473,0
21052,0
23236,1
25601,0
6076,0
17677,0
17963,0
4572,0
1036,1
9059,1
22593,0
31611,1
15794,1
9,0
9382,0
18798,0
33793,0
28239,0
10100,0
30135,0
15275,0
16090,0
10821,0
17761,0
20420,0
5501,0
6368,0
15135,0
16175,0
8866,0
19735,1
33953,1
28527,1
27972,0
1681,0
20730,0
14076,0
25178,0
26935,1
33968,1
8154,0
15274,0
3002,0
33736,0
4743,0
5166,1
15574,0
652,0
25473,0
32167,0
18854,0
26599,0
9152,0
716,0
6758,0
5384,0
15802,0
9045,0
18004,0
18684,0
14868,0
29262,1
28144,0
17204,1
12690,0
9906,1
24892,0
33726,0
12767,1
13760,0
14928,0
30844,1
23159,0
14002,0
719,0
7034,1
4950,0
20630,0
20483,1
17881,0
30149,0
32988,0
26975,0
14315,0
31079,0
13977,0
18584,0
33794,0
4283,0
16931,0
31563,0
9607,0
17718,0
19041,0
8140,0
16657,0
22638,1
3489,0
7730,0
6012,0
6264,0
31064,1
7691,1
26990,0
19089,0
23775,0
31434,0
31723,0
3479,0
7639,0
10090,0
11179,1
33934,1
27892,1
29296,0
33091,0
15011,0
24416,0
24742,0
6481,0
22121,0
12586,0
22748,0
32103,1
22538,0
18391,0
28805,0
17593,1
14982,0
16927,0
21554,0
16708,0
10290,1
9058,0
27186,0
9646,0
18201,0
18469,0
6216,1
30128,0
9147,1
15212,0
28526,0
6529,0
27222,0
25114,0
18549,1
6021,0
33363,0
18650,0
15108,0
22942,0
34040,0
33633,0
4425,0
200,0
8123,0
13428,0
18081,0
28680,0
18465,0
15233,1
13421,0
33019,0
29990,0
12822,0
27195,0
11025,0
8640,0
5571,0
9085,0
19513,1
26984,0
3800,0
9626,0
33636,1
32683,0
21025,0
3754,0
27896,0
14494,1
347,0
1946,0
17100,1
8511,0
15786,0
28850,0
26494,0
27339,0
12884,0
10213,1
24916,1
6290,0
27659,1
12520,0
9329,0
16512,1
22856,0
14096,0
1415,1
19651,1
12316,0
28476,0
21932,0
25629,0
12579,0
8378,1
26013,1
801,0
16791,0
14682,0
145,0
18693,0
8120,0
17123,0
20647,0
1051,1
9986,0
10227,0
21015,1
23675,0
12293,0
1513,0
6493,1
15710,0
13310,0
28401,0
26814,1
30145,0
5804,0
12236,0
8872,0
3065,0
22422,0
25053,0
18638,0
26739,0
26964,0
1819,0
22752,0
14403,0
24137,0
26989,0
16350,0
24240,1
25254,0
13725,0
17529,0
26079,0
17907,0
32074,0
5624,0
17448,0
26017,1
22633,0
27743,0
21900,1
23909,0
10133,1
9987,0
15810,0
15939,1
32684,1
31768,0
21298,0
7091,0
4116,0
16317,0
25504,0
11686,1
26810,0
22830,0
30172,0
22489,1
18439,0
17845,0
33644,1
23219,0
14957,0
15508,0
27010,0
31003,1
29969,0
9993,0
33619,1
23615,1
12024,0
16835,0
27550,0
12190,0
31998,0
32707,0
30008,1
821,0
26903,0
17855,0
20654,0
10869,0
31430,0
11606,0
26946,0
5211,0
4666,1
32615,0
7041,0
11362,0
24765,0
33727,0
8179,0
9441,0
19821,0
6004,0
31143,1
12923,0
22124,0
1149,0
4038,0
12466,1
31253,0
21278,0
25558,1
14730,0
16776,0
31049,0
32212,0
22717,0
29127,0
7388,0
31856,0
19284,0
24267,0
32945,0
1772,0
5721,1
14055,0
29271,0
10036,0
26421,0
32213,0
2137,1
6187,0
12257,0
22818,0
26538,0
13288,0
32963,0
14453,0
33039,0
12541,0
25829,1
7303,0
13900,0
32816,0
30805,1
285,1
10262,0
31705,0
16905,0
18196,0
17320,0
3943,0
31589,1
4204,0
11681,0
11903,1
15429,0
11209,0
32592,0
262,0
9774,0
29641,0
23318,0
26906,0
5188,0
27296,0
18209,0
17556,0
15470,1
15467,0
15772,0
6499,0
12574,0
27728,1
6437,1
9021,0
29274,0
28813,0
9762,0
29762,0
8242,0
14951,1
10883,0
25898,0
657,0
12294,0
28925,0
19196,0
8664,1
1762,0
5654,0
17760,0
30693,0
32009,0
32139,0
23984,0
5457,0
19272,0
10610,0
13485,0
31593,1
29903,0
20037,0
3533,0
17490,1
9017,1
1445,0
11097,0
17800,1
27431,0
2902,0
29466,0
5767,1
26898,0
6391,0
4362,0
18569,1
14584,0
2785,0
14873,1
27329,1
18354,0
13078,0
27197,1
12481,0
30478,0
3129,0
3635,0
7048,1
16120,0
23548,1
22886,1
12928,1
21370,1
6217,0
2335,0
8007,1
1490,0
13165,1
6347,0
25030,0
11718,1
6384,0
19039,0
1852,0
21681,0
32552,0
1367,0
34002,0
11608,0
17582,0
18015,0
28315,1
8257,0
14742,0
13076,1
11394,1
20899,0
11725,1
22372,0
22111,0
22288,1
13327,1
11770,0
14468,0
7540,0
10945,0
4257,0
7404,0
25513,0
14579,0
9062,0
22925,0
2605,0
20831,0
368,0
14201,1
28634,0
31435,1
6025,0
4011,1
28178,0
20194,1
16405,1
33168,0
128,0
24228,0
29012,1
4970,0
20272,0
33227,0
28668,0
25321,0
27740,0
19378,0
457,1
30026,0
29389,0
34068,0
6353,0
14760,1
29543,0
30060,0
1806,0
29894,0
11702,1
16487,0
31,1
26859,0
10926,0
17329,0
33065,0
4469,0
15005,1
13605,1
3163,1
30035,0
3499,0
18368,0
7318,0
32543,0
11715,0
22345,1
33757,0
26111,0
30803,0
16934,0
10174,0
30054,1
22850,0
12163,0
31112,1
31523,0
32221,0
27593,0
16937,0
25828,0
15131,0
25802,0
8452,0
16382,0
2387,0
7794,1
15487,0
31506,0
17427,0
15677,0
17888,0
28691,0
26848,1
537,0
26286,1
1841,0
3779,0
17399,0
9223,0
16915,0
1719,0
11933,0
8566,0
9551,0
33789,1
24564,0
27515,1
965,0
28155,1
29982,0
13884,0
32966,0
21225,0
986,0
13665,0
23521,0
1582,1
24865,0
32760,0
12273,0
29401,0
10325,1
2567,0
16511,1
6203,0
10013,1
3920,0
15261,0
24305,0
23368,0
15823,0
15169,0
24977,0
31266,0
8148,0
18955,0
2852,0
19699,0
14414,0
16486,0
23295,0
33795,0
220,0
11021,0
4168,0
22849,0
9832,0
21085,0
8659,1
22146,0
6636,0
3484,1
19122,0
18554,0
28579,0
14676,0
27782,0
5684,1
17803,0
25989,0
19403,0
2642,1
30194,0
17934,0
29609,0
25721,0
1541,0
29385,0
4126,0
22129,0
8558,1
14007,0
20228,1
19487,0
4977,0
10735,0
8942,1
21938,0
19115,1
2464,1
14753,0
13837,1
22059,1
17736,0
9397,0
30174,0
19858,0
7137,0
16297,0
30619,0
5546,0
32856,0
33215,0
27158,0
30136,0
2472,0
24471,0
9404,0
11571,0
18624,1
6224,0
27223,1
26804,0
22442,0
31942,1
32455,0
25252,0
20832,0
3348,0
31134,1
26828,0
17248,1
26523,0
9528,0
10261,0
1742,0
20183,1
8333,0
9933,0
27783,0
33739,1
28788,0
17729,0
10802,0
2584,1
25573,0
21573,0
4760,0
7641,0
1730,0
6917,1
20147,0
12803,0
3972,0
10329,1
2560,0
17698,0
6181,1
12366,0
20254,1
33220,1
2685,0
20882,0
13657,1
26350,0
32915,0
9009,0
21985,0
26473,1
21104,1
23306,0
5027,0
15023,1
3178,0
24708,1
17542,0
9827,0
10176,1
29164,0
16341,0
10981,1
6527,0
19869,1
27562,0
2583,0
2725,0
1053,0
11473,1
19344,1
21896,0
27775,0
30893,0
19677,0
20460,0
15778,0
11814,0
28186,0
3335,0
18522,0
12725,0
7279,1
2925,0
23002,0
7337,0
7975,0
2172,0
30843,0
8495,0
29939,0
24155,0
2496,0
1932,0
10242,0
17792,0
4700,0
22242,0
20887,0
8345,1
29811,1
27086,1
12898,0
6240,0
29187,0
18930,0
30198,0
17202,1
28482,0
22022,0
14484,1
9117,0
8857,0
30033,0
24654,0
12785,0
16031,0
8944,0
9949,0
14704,0
27917,1
7487,0
22640,0
9483,0
27942,0
104,0
24902,1
31908,0
21782,0
14814,0
27266,0
8394,0
8500,0
6746,0
20001,1
8029,0
23771,0
2580,0
22676,0
30180,1
12793,0
23057,0
27862,0
12631,0
31883,0
25611,0
13460,1
24495,0
10357,0
28635,1
28369,0
4388,0
25490,0
292,1
18615,0
13362,0
30886,0
2086,1
8887,1
31327,0
6454,0
25799,0
14021,0
33453,0
33237,0
21550,0
8048,1
29874,0
32855,0
1554,0
14765,1
1766,1
23655,0
11817,0
24076,0
2866,0
1324,0
11106,1
4304,0
5101,0
16542,0
13591,1
28456,0
3741,0
10342,0
5879,0
18002,0
27753,1
22601,0
32488,0
5895,0
30406,1
11415,1
4526,0
4105,0
14766,0
13556,0
13886,0
30567,0
24845,1
29325,0
2798,0
17247,0
7431,0
21093,1
25291,0
17957,0
1715,0
17225,0
12429,0
6309,0
742,0
27218,0
26319,1
17815,0
11942,0
2550,0
9285,0
30972,0
7970,0
28358,1
13954,0
2090,0
13551,0
4740,1
4287,0
29930,0
18440,0
6426,0
2497,1
11454,0
11763,0
14898,0
11733,0
32260,0
31603,0
13399,0
25244,0
4439,0
32079,0
28577,0
5564,0
10606,0
20206,0
4703,0
1828,0
5454,0
641,0
16722,0
23084,0
33657,0
26717,0
33712,0
10251,0
28298,0
11960,1
22475,0
954,0
18098,1
24344,0
24025,0
9039,0
18393,0
29515,0
20251,0
18237,0
5928,0
19603,0
4679,0
10449,0
189,0
12954,0
7782,0
5335,0
25181,0
21502,0
25943,1
16163,0
18714,1
23623,0
9872,0
12144,0
16993,0
16901,0
4041,1
3567,0
7985,0
19216,1
1203,0
12332,0
10824,0
14160,0
18860,0
33842,0
25730,0
14487,0
30778,0
5649,0
1323,0
28392,1
32433,0
3295,1
23283,0
9268,0
4392,0
26312,0
9793,0
7686,0
8083,0
31784,0
27482,0
3212,0
12624,0
3309,0
15209,0
22629,1
2082,0
15726,0
33349,0
33206,0
3979,0
28640,0
5569,0
23201,1
11569,0
16384,0
8512,0
31231,1
13575,0
29308,1
10291,0
9661,0
31605,0
6741,0
32582,1
28854,0
16816,0
27969,0
8231,0
6194,1
10753,0
4841,0
19746,0
17296,0
27277,0
5165,0
2222,1
5048,0
6539,0
33254,0
19203,0
26495,0
20101,0
6535,0
432,0
16287,0
13631,0
19630,0
2688,0
513,0
5772,0
5909,0
12250,0
15240,0
18856,1
1902,0
22679,0
29956,0
22532,1
4073,0
33416,0
12037,1
9427,0
28371,0
16681,0
20074,0
22490,0
24878,1
20454,0
20755,0
4750,0
26429,0
24192,0
30256,1
33995,0
19546,0
10899,0
4481,0
21151,1
3980,0
23289,1
17848,0
10150,0
20835,0
5590,0
17942,1
21242,0
30518,0
6633,1
28722,0
31026,0
24987,0
30792,0
12554,1
7979,1
2956,1
20395,0
12739,0
32772,0
29771,0
7887,0
20694,0
32043,1
19718,0
231,1
15663,0
15599,0
22823,0
3102,0
32871,0
22452,0
25639,1
2763,0
10088,0
12828,0
11623,0
26281,0
31791,0
13135,0
125,0
7570,0
24635,0
8039,0
11682,0
648,0
31880,0
29035,0
9876,0
8689,0
8993,0
21363,0
31904,1
26325,0
19391,0
8987,1
32313,0
24239,0
30211,1
33569,0
24700,1
19768,0
19021,0
23176,0
15300,0
24879,0
29502,0
32634,0
21760,0
1337,0
11122,0
13171,1
32127,1
5679,1
27020,0
1471,0
24630,0
15695,0
17402,0
28779,0
5659,0
10646,0
8012,0
18676,1
1643,0
26337,0
29585,0
6053,0
10631,0
15413,0
7222,0
3495,0
4321,0
2363,0
12859,0
22807,0
30733,0
9799,0
33129,0
24157,0
6461,0
32585,0
2134,0
20217,0
3427,0
30078,1
17798,0
14511,0
32577,0
19265,1
9001,0
10733,0
21854,0
2089,0
15080,0
25363,1
33078,0
30085,0
1874,0
9903,0
13913,0
6121,0
26472,0
7460,0
14556,0
2486,0
32827,0
14005,1
33121,0
300,1
15731,0
25779,0
30828,0
18088,0
4294,0
14067,0
14655,0
14424,0
18915,0
6463,0
4179,0
19692,0
3669,0
20205,1
33683,1
9164,0
10959,0
5599,1
6948,0
14218,0
13838,0
11417,0
4485,1
8961,0
27547,0
6096,0
6518,0
5502,0
18513,1
12234,0
19948,1
22756,0
18921,0
10022,0
8673,1
3483,1
6756,0
8714,1
18970,0
16274,0
28189,1
33171,0
10611,1
18530,0
5555,0
25584,0
7325,1
20333,0
753,0
12368,0
34125,0
18342,0
13873,0
12312,1
22976,1
5822,1
29668,0
7103,0
3549,0
23445,0
4789,1
24314,0
22990,0
18671,0
7287,0
31378,0
1148,0
14273,1
17747,0
11714,0
20990,0
33992,1
9947,0
7099,0
23220,0
11923,0
30115,1
14112,1
1475,0
25963,0
25578,0
19688,0
22331,0
24863,0
3996,0
33100,0
8688,1
3747,0
14841,0
29284,0
12773,0
16145,0
15392,0
23906,0
16607,0
11830,0
8619,0
6673,0
22656,0
20960,0
19468,0
4615,0
22658,0
3940,0
15974,0
3199,0
22738,0
10546,1
19712,0
22211,0
10674,1
17599,0
27069,0
7139,0
19930,0
18913,1
5880,0
3712,0
15460,0
13356,0
26851,0
27817,0
32918,0
14008,0
32717,0
7669,0
27880,0
4323,0
32377,1
19197,0
24353,0
12207,0
17051,0
8212,0
15428,0
5953,0
3285,0
10123,0
3885,0
8364,0
3659,0
16888,0
11053,1
19535,0
18366,0
27112,0
14758,0
8846,0
29315,0
33101,0
16148,1
33988,0
5408,1
14339,0
29951,0
5557,0
10651,0
15915,0
4978,0
32023,1
8256,0
11301,0
2992,1
27258,0
8157,0
9647,1
32835,0
10509,0
11932,0
24186,1
18210,0
17913,0
16424,0
31651,1
7648,0
19850,0
10672,0
26551,1
5261,0
26020,0
14219,0
1948,0
30859,0
10666,0
31247,0
26316,0
21081,1
28351,1
8932,0
10377,0
1613,1
33945,0
20600,0
25458,1
15221,0
27851,1
26648,0
18657,0
26997,0
1027,1
19812,0
19733,0
5810,0
20399,0
22802,0
17900,0
26685,0
4266,0
10099,0
28667,0
12510,0
27407,0
30797,0
7162,1
29038,0
28939,0
8833,0
29560,0
32882,0
36,0
1731,0
16547,0
29940,0
21821,0
34025,1
1472,0
10286,0
18084,0
9881,1
18598,0
31864,0
30438,0
26910,0
27592,0
1423,1
2334,0
17860,0
6231,1
2056,0
30465,0
21814,0
3153,0
22950,0
5708,0
12686,0
29921,1
17926,0
8736,0
15337,0
25391,0
26298,0
5732,1
18863,0
15357,0
5462,0
7786,0
33905,0
19303,1
20752,0
13707,1
20848,1
29001,0
7998,0
28826,0
29160,0
1394,0
3941,0
7791,1
383,0
3170,0
26438,1
7795,0
1419,0
18587,0
13237,0
28434,0
31765,0
20180,0
30493,0
19013,0
33399,0
7749,0
16632,0
7407,0
9888,0
32156,0
26497,0
7950,0
5826,0
6071,1
24622,0
10712,0
22228,0
19032,0
7628,0
803,0
9254,0
6700,0
22120,0
30892,0
7432,1
9173,0
29396,0
31204,0
17330,0
16202,0
27568,0
12039,0
9113,0
30214,0
11045,0
22333,0
29245,0
24006,1
28933,0
6236,1
11133,1
15192,0
30643,0
26010,0
3832,0
10409,0
24980,0
10390,1
2596,1
16001,0
3636,0
8198,0
4561,0
21829,1
25259,0
10599,0
11207,0
2409,0
269,1
33583,0
17545,0
29881,0
14683,0
23627,0
6553,0
26836,0
13131,0
214,0
7727,0
13197,0
10689,0
29896,0
25148,0
29565,0
25749,0
19808,0
10244,1
6887,1
21742,0
17497,1
28992,0
20605,1
21304,0
19000,0
32608,0
15113,0
16675,1
31152,1
18259,0
4148,1
29669,0
28423,1
26233,0
2704,0
13063,0
33747,0
17724,0
12422,0
28140,0
14475,0
9905,0
9565,0
13942,1
28789,0
13303,0
2753,0
29168,0
11605,0
3886,0
29266,0
31153,0
8440,0
24532,0
1667,0
12423,1
8592,1
15738,0
4581,0
16794,0
27448,0
24613,0
21350,0
3271,0
5301,0
22668,0
10352,0
13203,0
33272,1
18343,0
23692,0
20823,0
10334,0
2892,0
17871,0
31759,0
12903,1
24535,1
19893,1
20354,0
23751,0
8293,0
15957,0
15845,0
16359,0
7919,0
18220,0
284,1
15638,0
18419,0
2251,0
2260,0
3140,0
33947,0
14972,1
7908,0
30914,0
8593,0
3703,0
29373,0
8539,0
25839,0
612,0
8031,0
32194,0
17776,0
18400,1
24401,0
21366,0
22874,0
8138,0
7230,0
11075,1
2317,1
30770,0
19274,1
29558,0
1676,0
2968,0
15336,0
16105,0
3330,0
30173,0
31249,0
9580,0
3795,0
20578,0
7515,0
31337,0
29227,0
14559,1
5026,0
8930,0
14536,1
21087,0
17266,0
13644,1
8547,0
16740,0
13694,1
14836,0
14828,0
26742,0
23076,0
29216,0
30564,1
29964,1
18276,0
32205,1
50,0
18719,0
25260,0
19861,0
30920,0
9155,0
5800,0
6903,1
29698,0
24524,0
31085,0
15804,0
13656,0
21463,0
9383,0
18105,1
16197,1
8158,0
32158,0
15292,0
31299,0
23517,0
26003,0
14955,0
1593,0
22704,0
33093,0
18332,0
24293,0
24123,0
28172,1
23697,0
6291,0
29131,0
26498,0
1176,0
10125,0
28548,1
5881,0
21309,0
5406,1
10389,0
20736,0
5728,0
26769,0
22027,0
10903,0
25623,0
26193,1
7156,0
18781,1
32283,0
25057,1
148,0
30222,0
4195,0
7072,0
6036,1
22889,1
5043,0
17126,0
44,0
24709,0
25245,0
29689,0
30161,0
22177,0
15746,0
17958,0
5660,0
25699,0
27974,0
17894,1
20833,0
14470,1
4389,1
33546,0
17969,0
24978,0
30293,0
31588,0
26726,0
33199,0
17075,0
3596,1
2695,0
18784,0
11844,0
33808,0
11969,0
938,1
28437,0
17991,0
32761,0
11327,0
27772,0
7391,0
12028,0
15419,1
17135,1
19953,0
10079,0
10497,0
5285,1
32747,0
13964,0
8591,0
27835,0
15591,0
3142,0
26553,0
5805,0
17667,0
8365,0
29552,0
21006,0
5672,0
14506,0
17682,0
4502,1
28091,0
24643,0
17180,0
5099,0
19354,0
26603,0
32084,0
31938,0
10229,1
14945,0
33697,0
15010,1
20586,0
17192,0
11741,0
27621,1
12625,0
29518,0
26277,0
29928,0
13998,0
27318,1
7013,1
14104,0
31288,0
6011,0
8618,0
23014,0
504,0
23373,1
28769,0
8493,0
7560,0
33124,0
19012,0
33665,1
6212,1
16765,0
17931,0
21079,0
18506,0
14354,0
15278,1
5017,1
8301,0
21949,0
26546,0
6387,0
2100,0
33840,0
33922,0
26582,0
16746,0
23138,1
25486,0
8106,0
11356,0
20130,0
9255,0
20722,0
20402,1
30167,1
11178,0
2083,1
5709,0
13868,1
2741,1
17912,1
33967,0
23686,0
28780,0
19235,0
10360,1
29994,1
21894,0
17272,1
3845,1
13371,0
6677,0
26600,0
10922,0
12407,0
13983,0
27676,0
19007,1
15517,0
8391,0
8026,1
28637,0
908,1
24018,1
20469,1
11503,0
21150,0
17896,1
11734,0
9790,0
18528,0
27890,1
11870,1
8338,0
30565,0
6146,0
6215,0
25470,1
33521,0
8343,0
29233,0
3230,0
31554,0
7133,0
11190,1
13603,0
28481,1
18170,0
20417,0
5787,1
3100,0
33314,1
4337,0
24516,0
33438,1
21721,0
13757,0
32096,0
23787,1
12053,1
7218,0
1791,1
8958,0
14952,0
31530,0
6740,0
10431,1
16829,0
5469,0
10545,0
14109,0
18630,0
7043,1
23965,0
28439,0
22609,1
30650,0
4022,0
13763,0
20523,0
33058,1
2816,0
10609,0
